rule,ticker,entry,exit,hold_days,return_pct,baseline_pct,excess_pct,max_drawdown_pct
fixed_10,AVGO,2023-12-26,2024-01-11,11,-2.81917733804683,-2.4011442584924643,-0.4180330795543658,-7.322264772912657
fixed_10,AVGO,2025-01-06,2025-01-23,11,1.636976694674419,5.885458070217102,-4.248481375542683,-5.1182346649420225
fixed_10,MRVL,2024-12-24,2025-01-13,11,-0.6395272512814798,-3.0030406307009834,2.3635133794195036,-4.743424302921307
fixed_10,MRVL,2026-04-16,2026-05-01,11,23.678496471886092,11.366603324323869,12.311893147562222,-7.447454999620184
fixed_10,MRVL,2026-04-30,2026-05-15,11,7.10869017349407,10.98045639724347,-3.8717662237493995,-7.051982850970706
fixed_10,MRVL,2026-06-09,2026-06-25,11,5.388193733317315,6.63083866294939,-1.2426449296320752,-10.908612890464708
fixed_10,MRVL,2026-06-25,2026-07-13,11,-22.639673846097075,-11.190560902100913,-11.449112943996163,-26.958386088855534
fixed_10,ALAB,2024-11-21,2024-12-09,11,17.20130192111695,6.849509415672881,10.35179250544407,-7.184791035208827
fixed_10,ALAB,2025-08-05,2025-08-20,11,27.23181753756636,0.9269563572029811,26.304861180363382,-11.660814863781576
fixed_10,ALAB,2025-08-19,2025-09-04,11,9.873728300424567,6.1798507033837975,3.6938775970407693,-7.882626954500493
fixed_10,ALAB,2026-05-29,2026-06-15,11,13.51903318605201,3.3709479711344392,10.148085214917572,-12.785390849377364
fixed_10,ALAB,2026-06-12,2026-06-30,11,31.55930737938575,4.282807221583261,27.276500157802484,-10.899334264792982
fixed_10,ALAB,2026-06-29,2026-07-15,11,-23.102903393283547,-10.707371264768488,-12.39553212851506,-27.410872615612767
fixed_10,CRDO,2024-06-13,2024-07-01,11,7.878364675956706,-0.40281931690102946,8.281183992857736,-6.573085344483765
fixed_10,CRDO,2024-12-24,2025-01-13,11,-3.0609383148143987,-3.0030406307009834,-0.05789768411341538,-9.916490781115018
fixed_10,CRDO,2025-06-17,2025-07-03,11,17.438215638603104,13.036776804533169,4.401438834069937,-7.848507600578369
fixed_10,CRDO,2025-07-02,2025-07-18,11,4.587667391873174,3.854016517119491,0.733650874753683,-8.889750894570525
fixed_10,CRDO,2025-09-19,2025-10-06,11,-13.057324668807958,6.858196045777583,-19.91552071458554,-15.705358142394488
fixed_10,LITE,2025-09-17,2025-10-02,11,3.9243319491996553,8.516547856454643,-4.592215907254987,-10.932944606413997
fixed_10,LITE,2025-11-19,2025-12-05,11,23.23738922881158,9.393565841734693,13.843823387076887,-13.267888648294457
fixed_10,LITE,2025-12-04,2025-12-19,11,13.29265998503768,-3.529785940617873,16.822445925655554,-15.033997955324708
fixed_10,LITE,2026-02-20,2026-03-09,11,-4.055290938166545,-3.8925721225581515,-0.1627188156083932,-28.70220205025136
fixed_10,LITE,2026-04-02,2026-04-20,11,8.251497202235502,25.103140071629742,-16.85164286939424,-8.167834506229122
fixed_10,CIEN,2025-09-18,2025-10-03,11,9.714578610789104,6.000139442180018,3.7144391686090863,-1.6561497199255037
fixed_10,CIEN,2025-10-02,2025-10-17,11,11.980867841857945,3.436880769433541,8.543987072424404,-4.687976370840518
fixed_10,GLW,2025-09-19,2025-10-06,11,7.264969973159285,6.858196045777583,0.40677392738170254,-2.308640271828988
fixed_10,GLW,2026-02-12,2026-03-02,11,20.269675527310916,3.505998405093605,16.76367712221731,-6.314272151554445
fixed_10,GLW,2026-02-27,2026-03-16,11,-12.189124169238852,0.006958527117983182,-12.196082696356834,-21.899146740349483
fixed_10,MU,2024-04-05,2024-04-22,11,-11.700922575970097,-6.3907388084491545,-5.310183767520941,-16.265385659319286
fixed_10,MU,2026-01-27,2026-02-11,11,0.0243765683344499,4.125406587624064,-4.101030019289614,-14.744175123857895
fixed_10,MU,2026-05-26,2026-06-10,11,-0.44648889286821314,-5.424660681830259,4.9781717889620465,-19.967204890665812
fixed_10,MU,2026-06-11,2026-06-29,11,15.002962211498527,3.224846873578551,11.778115337919976,-13.444997877969167
fixed_10,MU,2026-06-26,2026-07-14,11,-13.163901791782106,-6.393219460776067,-6.770682331006039,-18.812077647763125
fixed_10,STX,2026-05-14,2026-06-01,11,14.476365862760598,9.333770026549129,5.142595836211471,-8.87345452376187
fixed_10,WDC,2025-09-22,2025-10-07,11,6.689790266376616,2.9639108020710547,3.7258794643055615,-8.666515755740779
fixed_10,WDC,2025-10-06,2025-10-21,11,-3.089076967582882,2.196259775051447,-5.285336742634329,-9.69827298331487
fixed_10,SNDK,2025-09-19,2025-10-06,11,18.550043297430175,6.858196045777583,11.691847251652591,-11.381579357784254
fixed_10,SNDK,2025-10-03,2025-10-20,11,15.286962903354983,4.706784004726722,10.580178898628262,-11.351228894786091
fixed_10,SNDK,2025-10-17,2025-11-03,11,47.69548308937344,9.546271441500007,38.14921164787343,-5.710144324076472
fixed_10,SNDK,2025-10-31,2025-11-17,11,33.386847158193135,-13.031466676240635,46.41831383443377,-13.96326313212537
fixed_10,SNDK,2025-11-14,2025-12-02,11,-19.204436911908353,4.349877886640088,-23.55431479854844,-26.297576683046465
fixed_10,SNDK,2026-01-27,2026-02-11,11,24.491626191452088,4.125406587624064,20.36621960382802,-22.123332943696827
fixed_10,SNDK,2026-02-10,2026-02-26,11,20.35669573585539,1.5876895316219026,18.769006204233488,-6.298680378216758
fixed_10,SNDK,2026-02-25,2026-03-12,11,-2.144279935148574,-6.421585994934147,4.277306059785572,-19.108759420002187
fixed_10,NTAP,2026-06-09,2026-06-25,11,-6.309100422727765,6.63083866294939,-12.939939085677155,-6.309100422727765
fixed_10,PENG,2025-07-22,2025-08-06,11,-6.339472785451294,7.009055914134894,-13.348528699586188,-9.34022414833775
fixed_10,PENG,2026-04-27,2026-05-12,11,51.91050680585343,13.759842456039445,38.15066434981399,-3.2013715051692815
fixed_10,PENG,2026-05-11,2026-05-27,11,25.034445296243568,5.359983711716888,19.674461584526682,-7.544497665542549
fixed_10,PENG,2026-05-26,2026-06-10,11,6.496814641050874,-5.424660681830259,11.921475322881134,-18.050696741786087
fixed_10,PENG,2026-06-09,2026-06-25,11,8.23471896489556,6.63083866294939,1.60388030194617,-7.228355966926403
fixed_10,SIMO,2026-05-13,2026-05-29,11,2.593841209249814,8.597717749621156,-6.003876540371341,-11.1572247753982
fixed_10,SIMO,2026-06-02,2026-06-17,11,1.9417777278387005,-4.7662517198930905,6.708029447731791,-17.904562067931586
fixed_10,RMBS,2025-09-25,2025-10-10,11,-11.105599646848995,6.910199033497393,-18.01579868034639,-14.040304877057652
fixed_10,NLST,2025-04-02,2025-04-17,11,-8.24742686141613,-11.448231666439233,3.2008048050231026,-14.432993935073956
fixed_10,NLST,2026-01-23,2026-02-09,11,-10.937499126885065,8.192707085417481,-19.130206212302546,-22.656247526174354
fixed_10,NLST,2026-05-08,2026-05-26,11,-1.3245020564786825,8.022825652247151,-9.347327708725835,-29.565216429817966
fixed_10,SMCI,2024-02-02,2024-02-20,11,35.87461326033572,4.070733965766003,31.803879294569715,-21.556770331443232
fixed_10,SMCI,2024-02-16,2024-03-05,11,35.79021957445128,7.240470724430245,28.54974885002103,-16.296951683422055
fixed_10,SMCI,2024-03-04,2024-03-19,11,-15.206543806952466,-3.4078192377888996,-11.798724569163566,-23.323540927331663
fixed_10,DELL,2024-03-14,2024-04-01,11,12.390780827142489,8.797237879164207,3.5935429479782814,-2.590493601841626
fixed_10,DELL,2026-06-11,2026-06-29,11,5.916457238018835,3.224846873578551,2.691610364440284,-7.964337276835964
fixed_10,HPE,2024-06-20,2024-07-08,11,-2.7467388050505193,3.7677084430000196,-6.51444724805054,-4.702033169191089
fixed_10,HPE,2026-06-12,2026-06-30,11,-6.078508009005734,4.282807221583261,-10.361315230588994,-10.6500394102222
fixed_10,CLS,2024-02-13,2024-02-29,11,13.413330078124996,6.122828965606053,7.290501112518943,-6.696760071418173
fixed_10,CLS,2024-11-07,2024-11-22,11,4.488458629870573,5.021955976336929,-0.5334973464663557,-6.255090521412477
fixed_10,NVDA,2024-02-29,2024-03-15,11,11.033853732176425,1.153133309422172,9.880720422754251,-7.440466765105236
fixed_10,NVDA,2024-03-14,2024-04-01,11,2.7506099720832733,8.797237879164207,-6.046627907080934,-5.001991055935395
fixed_10,AMD,2026-05-11,2026-05-27,11,8.010200596249838,5.359983711716888,2.6502168845329512,-9.751742609619729
fixed_10,JBL,2025-07-02,2025-07-18,11,0.9418934524010769,3.854016517119491,-2.912123064718414,-3.4157767995020127
fixed_10,TSSI,2024-03-01,2024-03-18,11,-2.0408204226431526,-2.52796854613163,0.4871481234884775,-10.204083866896262
fixed_10,TSSI,2024-04-17,2024-05-02,11,21.739127054557006,3.306255585258832,18.432871469298174,-5.263152941442195
fixed_10,TSSI,2024-05-01,2024-05-16,11,80.24691775920385,11.324958419495351,68.92195933970851,-8.571429057997104
fixed_10,TSSI,2024-05-15,2024-05-31,11,63.28124694409774,3.522403771868712,59.75884317222903,-12.552308684810354
fixed_10,TSSI,2024-05-30,2024-06-14,11,-14.22594718260578,7.795640662443002,-22.021587845048785,-30.962347124068536
fixed_10,TSSI,2024-08-30,2024-09-17,11,13.778702560924149,0.006584455278656764,13.772118105645493,-4.356440766723901
fixed_10,TSSI,2025-06-03,2025-06-18,11,57.001320467255056,5.396054504713947,51.60526596254111,-11.629025172511486
fixed_10,TSSI,2025-06-17,2025-07-03,11,28.91234039632935,13.036776804533169,15.875563591796183,-14.437298122328757
fixed_10,TSSI,2025-07-02,2025-07-18,11,-18.091869504999202,3.854016517119491,-21.945886022118692,-29.178173766315542
fixed_10,TSSI,2026-03-25,2026-04-10,11,-6.896552217171226,8.954623614138978,-15.851175831310204,-12.293855506475404
fixed_10,MOD,2026-02-18,2026-03-05,11,-5.865855090534922,-2.690231063928123,-3.1756240266067985,-14.142555860603379
fixed_10,AAON,2024-11-21,2024-12-09,11,-4.738894215694122,6.849509415672881,-11.588403631367004,-8.055567652119644
fixed_10,POWL,2024-02-14,2024-03-01,11,17.74477836350843,6.634543326943433,11.110235036564996,-3.596382948907595
fixed_10,POWL,2024-02-29,2024-03-15,11,-13.161309076095428,1.153133309422172,-14.314442385517602,-18.581301920812244
fixed_10,BE,2024-11-21,2024-12-09,11,11.027566126795652,6.849509415672881,4.17805671112277,-5.428056965588379
fixed_10,BE,2024-12-06,2024-12-23,11,-10.635152026885441,-7.605809745456909,-3.029342281428532,-15.509604042733905
fixed_10,BE,2025-08-07,2025-08-22,11,31.902179135492137,2.9868421307147326,28.915337004777403,-7.311831238449262
fixed_10,BE,2025-08-21,2025-09-08,11,19.205880981450175,9.408358913558077,9.797522067892098,-6.360611683066897
fixed_10,BE,2025-09-05,2025-09-22,11,51.1652306016928,19.464056757665638,31.701173844027164,-6.360611683066897
fixed_10,BE,2025-09-19,2025-10-06,11,2.401979168959234,6.858196045777583,-4.456216876818349,-20.37787746114753
fixed_10,BE,2025-10-07,2025-10-22,11,9.65606021814076,-0.4327196605507528,10.088779878691513,-19.051294163349663
fixed_10,BE,2025-10-21,2025-11-05,11,35.476151928600316,8.851478177279327,26.624673751320994,-9.589954752090357
fixed_10,BE,2025-11-04,2025-11-19,11,-15.590858016882446,-9.763127183489189,-5.827730833393259,-26.773212382354316
fixed_10,ATKR,2026-05-05,2026-05-20,11,-0.8831847969152151,1.833846556696114,-2.717031353611329,-5.669404504637098
fixed_10,GNRC,2025-08-13,2025-08-28,11,-7.85309709403762,4.6826139036382415,-12.535710997675862,-7.85309709403762
fixed_10,CRWV,2025-10-03,2025-10-20,11,-5.734843914659004,4.706784004726722,-10.441627919385727,-11.196536250661337
fixed_10,NBIS,2025-09-23,2025-10-08,11,13.172538540118929,7.867002134699716,5.305536405419212,-8.0325098757973
fixed_10,NBIS,2025-10-07,2025-10-22,11,-16.21070067661128,-0.4327196605507528,-15.777981016060524,-27.196221867242688
fixed_10,NBIS,2026-05-28,2026-06-12,11,2.659717402961337,1.5675637036833727,1.0921536992779641,-19.96900131341762
fixed_10,IREN,2023-12-13,2023-12-29,11,23.48877620854337,10.127875639800815,13.360900568742556,-25.20920730614251
fixed_10,IREN,2023-12-28,2024-01-16,11,-43.676815406731485,-5.367660334233289,-38.3091550724982,-43.676815406731485
fixed_10,IREN,2024-06-10,2024-06-26,11,19.010668849418355,4.404956751606734,14.60571209781162,-15.086500901568733
fixed_10,IREN,2024-06-25,2024-07-11,11,-13.779830588087428,3.989667063088289,-17.769497651175715,-25.482368541259614
fixed_10,IREN,2025-07-01,2025-07-17,11,18.516085223795997,6.350788344928233,12.165296878867764,-4.697599014405918
fixed_10,IREN,2025-07-16,2025-07-31,11,-6.932402614753574,8.68357632937908,-15.615978944132655,-16.850973395650104
fixed_10,IREN,2025-09-15,2025-09-30,11,26.359722876721392,5.453327218183284,20.906395658538106,-11.200676384515019
fixed_10,IREN,2025-09-29,2025-10-14,11,51.4478491104106,8.719483959954442,42.72836515045616,-6.389973553423145
fixed_10,IREN,2025-10-13,2025-10-28,11,-2.6816358544910046,5.905445585648346,-8.58708144013935,-25.488781411477525
fixed_10,APLD,2024-07-01,2024-07-17,11,-4.615387549767124,4.458116785168104,-9.073504334935228,-23.389357248208775
fixed_10,APLD,2024-09-20,2024-10-07,11,17.94019812504777,5.669754460341025,12.270443664706743,-13.939395095362805
fixed_10,APLD,2024-10-04,2024-10-21,11,16.91275518309203,5.446260682320414,11.466494500771617,-12.229299997576327
fixed_10,APLD,2025-06-09,2025-06-25,11,-24.577577960308982,4.024898167220124,-28.60247612752911,-24.577577960308982
fixed_10,WULF,2023-12-19,2024-01-05,11,-2.525256113329255,-0.4411877761319584,-2.0840683371972966,-36.0927165649914
fixed_10,WULF,2024-01-04,2024-01-22,11,-33.78995389050121,4.042345125747112,-37.83229901624832,-40.182652577544275
fixed_10,WULF,2024-06-24,2024-07-10,11,15.63981888774677,6.14523622661688,9.494582661129892,-12.544799620717907
fixed_10,WULF,2024-07-09,2024-07-24,11,1.1928417550071346,-3.4616819425333505,4.654523697540485,-20.21943477607713
fixed_10,WULF,2024-11-07,2024-11-22,11,-9.257006398910693,5.021955976336929,-14.278962375247623,-21.201813495032674
fixed_10,WULF,2025-08-28,2025-09-15,11,11.122883870851075,11.941021798655177,-0.8181379278041023,-7.89200643665785
fixed_10,CIFR,2024-01-04,2024-01-22,11,-32.696899887072675,4.042345125747112,-36.73924501281978,-37.2315017058593
fixed_10,CIFR,2025-06-27,2025-07-15,11,40.14083261583896,3.058809459656143,37.08202315618282,-6.230037205484507
fixed_10,CIFR,2025-07-14,2025-07-29,11,-5.804317898702871,7.088166477329808,-12.892484376032678,-18.155622744857425
fixed_10,CIFR,2025-09-23,2025-10-08,11,24.38163149079855,7.867002134699716,16.514629356098833,-18.939925256194666
fixed_10,CIFR,2025-10-07,2025-10-22,11,2.2857181609623023,-0.4327196605507528,2.718437821513055,-23.395149384936776
fixed_10,CIFR,2025-10-21,2025-11-05,11,36.70814960703872,8.851478177279327,27.856671429759395,-10.871369679922116
fixed_10,CORZ,2024-06-11,2024-06-27,11,9.644088965659737,4.605471078169302,5.038617887490434,-15.488871183802488
fixed_10,CORZ,2024-06-26,2024-07-12,11,1.507543468140704,7.610129119684658,-6.102585651543954,-7.722000613628688
fixed_10,HUT,2024-06-28,2024-07-16,11,39.626421779555024,10.920244723443997,28.706177056111027,-14.645306252764723
fixed_10,HUT,2024-07-15,2024-07-30,11,-30.14999866485596,-12.784775510973276,-17.365223153882685,-33.25370251631499
fixed_10,HUT,2024-11-08,2024-11-25,11,28.87414322693993,4.017319145224082,24.856824081715846,-7.266983312657837
fixed_10,HUT,2024-11-22,2024-12-10,11,-1.1574044605614064,1.5126237632548059,-2.670028223816212,-15.277774361285768
fixed_10,BTDR,2023-12-12,2023-12-28,11,122.18488555987976,17.351036650842282,104.83384890903748,-3.2918786156081348
fixed_10,BTDR,2023-12-27,2024-01-12,11,-55.01097248687983,-4.593648846082347,-50.417323640797484,-55.01097248687983
fixed_10,BTDR,2024-07-02,2024-07-18,11,-18.776911420903307,0.9795676655185078,-19.756479086421816,-24.074072083342223
fixed_10,BTDR,2024-11-20,2024-12-06,11,76.70310868141175,12.973324125868821,63.72978455554292,-9.489051772372402
fixed_10,BTDR,2024-12-05,2024-12-20,11,20.671379997101912,-5.7834470602571635,26.454827057359076,-21.60760644720122
fixed_10,BTDR,2024-12-24,2025-01-13,11,-27.37690578013273,-3.0030406307009834,-24.373865149431747,-34.44444306407296
fixed_10,BTDR,2025-10-20,2025-11-04,11,-16.542822028631264,3.8868878614919957,-20.42970989012326,-16.542822028631264
fixed_10,BTDR,2026-06-09,2026-06-25,11,-5.858704576124907,6.63083866294939,-12.489543239074298,-10.534936339114932
fixed_20,AVGO,2023-12-26,2024-01-26,21,6.448495869145399,-0.09263778447318226,6.54113365361858,-7.322264772912657
fixed_20,AVGO,2025-01-06,2025-02-06,21,-2.136137939320304,-3.0432253996817673,0.9070874603614634,-17.39681562925608
fixed_20,MRVL,2024-12-24,2025-01-28,21,-10.364170080708845,-7.052023040793895,-3.3121470399149504,-20.41090992223571
fixed_20,MRVL,2026-04-16,2026-05-15,21,32.631036874111686,21.766526792566932,10.864510081544754,-7.447454999620184
fixed_20,MRVL,2026-04-30,2026-06-01,21,32.86708381539991,26.75630770283427,6.110776112565642,-7.476184966962062
fixed_20,MRVL,2026-06-09,2026-07-10,21,-11.620139936476937,-1.6287690410542062,-9.99137089542273,-25.71961973841659
fixed_20,MRVL,2026-06-25,2026-07-27,21,-32.72535816206871,-17.131316515146118,-15.59404164692259,-36.77315221093629
fixed_20,ALAB,2024-11-21,2024-12-23,21,30.205535678079997,1.6669586099636913,28.538577068116304,-7.317994712888454
fixed_20,ALAB,2025-08-05,2025-09-04,21,38.66755663139869,7.958201254329279,30.709355377069414,-11.660814863781576
fixed_20,ALAB,2025-08-19,2025-09-18,21,47.246585103297,25.26845727166343,21.97812783163357,-7.882626954500493
fixed_20,ALAB,2026-05-29,2026-06-30,21,40.88376269937564,3.930752029008796,36.953010670366844,-12.785390849377364
fixed_20,ALAB,2026-06-12,2026-07-15,21,-4.502246780360131,-9.78941285730117,5.2871660769410385,-27.410872615612767
fixed_20,ALAB,2026-06-29,2026-07-29,21,-45.227649317172855,-24.44627707131917,-20.78137224585369,-48.29613449266689
fixed_20,CRDO,2024-06-13,2024-07-16,21,16.89703250434409,10.025849429219653,6.871183075124438,-6.573085344483765
fixed_20,CRDO,2024-12-24,2025-01-28,21,-18.35158588992676,-7.052023040793895,-11.299562849132863,-34.97076201857182
fixed_20,CRDO,2025-06-17,2025-07-18,21,17.26257971932519,15.295919448812564,1.966660270512624,-8.889750894570525
fixed_20,CRDO,2025-07-02,2025-08-01,21,20.3535797840259,7.54504885245342,12.808530931572479,-9.41611889808307
fixed_20,CRDO,2025-09-19,2025-10-20,21,-10.556731631408988,10.743131871004852,-21.299863502413842,-23.47841361865841
fixed_20,LITE,2025-09-17,2025-10-16,21,-0.0673445652123128,14.157263490221816,-14.224608055434128,-12.763848040611336
fixed_20,LITE,2025-11-19,2025-12-19,21,38.11913361948196,5.124217341767299,32.99491627771466,-15.033997955324708
fixed_20,LITE,2025-12-04,2026-01-06,21,21.220071992999333,2.8935028708551385,18.326569122144196,-15.033997955324708
fixed_20,LITE,2026-02-20,2026-03-23,21,9.161835794713769,-0.10163749192478712,9.263473286638556,-28.70220205025136
fixed_20,LITE,2026-04-02,2026-05-04,21,18.05582272050803,36.05964448627626,-18.00382176576823,-11.805415593098411
fixed_20,CIEN,2025-09-18,2025-10-17,21,23.840919489102475,10.056097136250077,13.7848223528524,-4.687976370840518
fixed_20,CIEN,2025-10-02,2025-10-31,21,24.407175169015115,12.330024845235796,12.077150323779321,-4.990757644025978
fixed_20,GLW,2025-09-19,2025-10-20,21,7.18954563886689,10.743131871004852,-3.553586232137962,-4.828538358244272
fixed_20,GLW,2026-02-12,2026-03-16,21,0.6056749013769958,2.268062605335144,-1.6623877039581483,-23.00684634349829
fixed_20,GLW,2026-02-27,2026-03-30,21,-14.516561260857607,-10.276498670335002,-4.240062590522606,-21.899146740349483
fixed_20,MU,2024-04-05,2024-05-06,21,-2.7917166016542816,0.3028780441515736,-3.0945946458058553,-16.265385659319286
fixed_20,MU,2026-01-27,2026-02-26,21,1.2968036624844803,5.049345587441696,-3.752541924957215,-14.744175123857895
fixed_20,MU,2026-05-26,2026-06-25,21,35.46010753319009,5.67308661678655,29.787020916403538,-19.967204890665812
fixed_20,MU,2026-06-11,2026-07-14,21,-1.2651049033565065,-5.859125558464422,4.594020655107915,-22.777276154670723
fixed_20,MU,2026-06-26,2026-07-28,21,-27.524995360996417,-17.359710526660272,-10.165284834336147,-28.903811839665593
fixed_20,STX,2026-05-14,2026-06-15,21,26.596752089229092,10.227016612416893,16.369735476812195,-13.256232402441249
fixed_20,WDC,2025-09-22,2025-10-21,21,8.006395719582681,6.494628236892217,1.5117674826904652,-13.845103706647777
fixed_20,WDC,2025-10-06,2025-11-04,21,21.471904620953342,7.259762179975865,14.212142440977477,-9.69827298331487
fixed_20,SNDK,2025-09-19,2025-10-20,21,44.83905157242339,10.743131871004852,34.09591970141853,-11.381579357784254
fixed_20,SNDK,2025-10-03,2025-11-03,21,61.21017724721043,13.604658642279341,47.605518604931085,-11.351228894786091
fixed_20,SNDK,2025-10-17,2025-11-17,21,89.6974871117887,-4.90762422560413,94.60511133739284,-13.96326313212537
fixed_20,SNDK,2025-10-31,2025-12-02,21,3.0201195089353927,-8.378310905984275,11.398430414919668,-30.78064200316042
fixed_20,SNDK,2025-11-14,2025-12-16,21,-17.646366641991808,0.6515870131477974,-18.297953655139604,-26.8918304072974
fixed_20,SNDK,2026-01-27,2026-02-26,21,35.4091008727585,5.049345587441696,30.35975528531681,-22.123332943696827
fixed_20,SNDK,2026-02-10,2026-03-12,21,14.249315151849796,-3.0927373133209697,17.342052465170767,-20.879529352810668
fixed_20,SNDK,2026-02-25,2026-03-26,21,-4.6190616001638425,-5.630743583464014,1.011681983300171,-21.8782833697881
fixed_20,NTAP,2026-06-09,2026-07-10,21,2.6562939297895216,-1.6287690410542062,4.285062970843728,-7.606066657842248
fixed_20,PENG,2025-07-22,2025-08-20,21,-4.867077697033784,6.909378702790692,-11.776456399824475,-9.34022414833775
fixed_20,PENG,2026-04-27,2026-05-27,21,87.40103289661067,22.648014699177708,64.75301819743297,-7.544497665542549
fixed_20,PENG,2026-05-11,2026-06-10,21,34.40514291972401,0.06619515357528287,34.33894776614873,-18.050696741786087
fixed_20,PENG,2026-05-26,2026-06-25,21,21.510456262084077,5.67308661678655,15.837369645297528,-18.050696741786087
fixed_20,PENG,2026-06-09,2026-07-10,21,27.005998084427052,-1.6287690410542062,28.634767125481257,-19.129062632399
fixed_20,SIMO,2026-05-13,2026-06-12,21,3.935219860820882,7.867317145417936,-3.932097284597054,-17.904562067931586
fixed_20,SIMO,2026-06-02,2026-07-02,21,-0.18588098278086163,-13.810667333013887,13.624786350233025,-17.904562067931586
fixed_20,RMBS,2025-09-25,2025-10-24,21,4.624847095987938,16.61644997866241,-11.99160288267447,-14.040304877057652
fixed_20,NLST,2025-04-02,2025-05-02,21,-8.24742686141613,4.193266959019955,-12.440693820436085,-14.432993935073956
fixed_20,NLST,2026-01-23,2026-02-24,21,-7.812502037268176,9.473601348422791,-17.286103385690968,-25.781249272404228
fixed_20,NLST,2026-05-08,2026-06-09,21,-17.218542523532786,7.634374638460076,-24.852917161992863,-29.565216429817966
fixed_20,SMCI,2024-02-02,2024-03-05,21,88.19418910060006,13.274542083870589,74.91964701672947,-26.87549930169004
fixed_20,SMCI,2024-02-16,2024-03-19,21,13.400636473011062,5.1638802082577655,8.236756264753298,-23.323540927331663
fixed_20,SMCI,2024-03-04,2024-04-03,21,-5.470334349340833,3.1846511085054883,-8.65498545784632,-24.544005174325566
fixed_20,DELL,2024-03-14,2024-04-15,21,10.671661386634113,-1.1482841285024874,11.8199455151366,-11.271847845259941
fixed_20,DELL,2026-06-11,2026-07-14,21,16.88337843113077,-5.859125558464422,22.742503989595193,-9.155409300108385
fixed_20,HPE,2024-06-20,2024-07-22,21,-4.1433643100638236,3.4999799569327896,-7.643344266996613,-4.702033169191089
fixed_20,HPE,2026-06-12,2026-07-15,21,-1.3314256726763452,-9.78941285730117,8.457987184624823,-15.719539890724354
fixed_20,CLS,2024-02-13,2024-03-14,21,18.453328450520836,7.0044134869942045,11.44891496352663,-7.831959400732547
fixed_20,CLS,2024-11-07,2024-12-09,21,5.965072341107325,10.00102322232413,-4.035950881216806,-9.055116533491569
fixed_20,NVDA,2024-02-29,2024-04-01,21,14.226955133001539,9.123232659702088,5.1037224732994515,-7.440466765105236
fixed_20,NVDA,2024-03-14,2024-04-15,21,-2.209369463193278,-1.1482841285024874,-1.0610853346907907,-10.155583926426658
fixed_20,AMD,2026-05-11,2026-06-10,21,-1.3927972556995738,0.06619515357528287,-1.4589924092748567,-16.611373293216246
fixed_20,JBL,2025-07-02,2025-08-01,21,-1.5007552847722816,7.54504885245342,-9.045804137225701,-5.130656932030875
fixed_20,TSSI,2024-03-01,2024-04-02,21,18.36734122904289,2.6436337031255888,15.7237075259173,-10.204083866896262
fixed_20,TSSI,2024-04-17,2024-05-16,21,111.59420915822777,13.37989633010633,98.21431282812144,-8.571429057997104
fixed_20,TSSI,2024-05-01,2024-05-31,21,158.02468000216342,16.58563961162335,141.43904039054004,-12.552308684810354
fixed_20,TSSI,2024-05-15,2024-06-14,21,60.15624985448085,14.193131924721051,45.963117929759804,-30.962347124068536
fixed_20,TSSI,2024-05-30,2024-07-01,21,-7.9497928402005975,8.978012459196753,-16.927805299397352,-30.962347124068536
fixed_20,TSSI,2024-08-30,2024-10-01,21,37.369519334203915,6.595546983458016,30.773972350745897,-7.972030266554631
fixed_20,TSSI,2025-06-03,2025-07-03,21,85.5350034055747,17.71940465854007,67.81559874703463,-14.437298122328757
fixed_20,TSSI,2025-06-17,2025-07-18,21,6.379069900166634,15.295919448812564,-8.91684954864593,-34.051447018302014
fixed_20,TSSI,2025-07-02,2025-08-01,21,-4.275615254745624,7.54504885245342,-11.820664107199045,-29.178173766315542
fixed_20,TSSI,2026-03-25,2026-04-24,21,18.06596566600924,25.913534937902575,-7.8475692718933345,-12.293855506475404
fixed_20,MOD,2026-02-18,2026-03-19,21,-7.658715467107779,1.8529588565725552,-9.511674323680335,-21.471700928246197
fixed_20,AAON,2024-11-21,2024-12-23,21,-9.056865642302746,1.6669586099636913,-10.723824252266438,-12.679149810195788
fixed_20,POWL,2024-02-14,2024-03-15,21,5.212903709700867,3.5456241860904743,1.6672795236103926,-18.581301920812244
fixed_20,POWL,2024-02-29,2024-04-01,21,-26.252425735230933,9.123232659702088,-35.37565839493302,-26.252425735230933
fixed_20,BE,2024-11-21,2024-12-23,21,1.0860493863062093,1.6669586099636913,-0.5809092236574821,-16.648457104390545
fixed_20,BE,2024-12-06,2025-01-08,21,-9.970460747955357,-6.505497901341194,-3.4649628466141627,-17.98375499613706
fixed_20,BE,2025-08-07,2025-09-08,21,45.21739058323302,9.482706909920449,35.734683673312574,-7.311831238449262
fixed_20,BE,2025-08-21,2025-09-22,21,92.43808413879064,29.901245293507095,62.53683884528355,-6.360611683066897
fixed_20,BE,2025-09-05,2025-10-06,21,52.391802498275794,25.234633987591415,27.157168510684382,-20.37787746114753
fixed_20,BE,2025-09-19,2025-10-20,21,28.411629773593017,10.743131871004852,17.668497902588165,-20.37787746114753
fixed_20,BE,2025-10-07,2025-11-05,21,64.3156026884973,12.647359569943237,51.66824311855406,-19.051294163349663
fixed_20,BE,2025-10-21,2025-11-19,21,4.359075657677147,-5.080002178439328,9.439077836116475,-27.266975765136603
fixed_20,BE,2025-11-04,2025-12-04,21,-8.492837237261808,-1.9953947359900637,-6.497442501271744,-36.36235377039154
fixed_20,ATKR,2026-05-05,2026-06-04,21,11.674070500552602,22.05656837050819,-10.38249786995559,-5.669404504637098
fixed_20,GNRC,2025-08-13,2025-09-12,21,-9.100323469769545,15.555592587587816,-24.65591605735736,-13.660343051568159
fixed_20,CRWV,2025-10-03,2025-11-03,21,-6.283844508641268,13.604658642279341,-19.88850315092061,-15.061505993831004
fixed_20,NBIS,2025-09-23,2025-10-22,21,-8.5157699863591,4.102212258755259,-12.617982245114359,-27.196221867242688
fixed_20,NBIS,2025-10-07,2025-11-05,21,-0.5947297930262496,12.647359569943237,-13.242089362969486,-27.196221867242688
fixed_20,NBIS,2026-05-28,2026-06-29,21,15.37951671017428,2.9478744594914077,12.431642250682872,-19.96900131341762
fixed_20,IREN,2023-12-13,2024-01-16,21,-16.925734465114704,5.433025796672808,-22.358760261787513,-49.68619527558143
fixed_20,IREN,2023-12-28,2024-01-30,21,-49.29742455447831,0.8520859771318753,-50.14951053161019,-53.16159229663426
fixed_20,IREN,2024-06-10,2024-07-11,21,8.632389460964983,9.787305068425256,-1.1549156074602718,-25.482368541259614
fixed_20,IREN,2024-06-25,2024-07-25,21,-27.40569306134747,-3.692343147860292,-23.71334991348718,-37.25881255680089
fixed_20,IREN,2025-07-01,2025-07-31,21,5.778076786376696,13.22207788813404,-7.444001101757344,-16.850973395650104
fixed_20,IREN,2025-07-16,2025-08-14,21,10.22530625287521,11.795923589574276,-1.570617336699065,-18.904687708569178
fixed_20,IREN,2025-09-15,2025-10-14,21,87.29132660670244,13.292070733167469,73.99925587353498,-11.200676384515019
fixed_20,IREN,2025-09-29,2025-10-28,21,35.90245537601553,15.835251137984823,20.067204238030705,-25.488781411477525
fixed_20,IREN,2025-10-13,2025-11-11,21,-10.53944244755356,4.095980439354767,-14.635422886908328,-25.488781411477525
fixed_20,APLD,2024-07-01,2024-07-31,21,-25.230767176701473,-0.6917328531150424,-24.53903432358643,-44.25770177174393
fixed_20,APLD,2024-09-20,2024-10-21,21,44.68438647414168,11.660462541938395,33.02392393220328,-16.484850103204895
fixed_20,APLD,2024-10-04,2024-11-04,21,-19.8657725767039,2.1961818901561694,-22.06195446686007,-34.61117507820286
fixed_20,APLD,2025-06-09,2025-07-10,21,-28.34101693028216,10.720603153160232,-39.06162008344239,-29.18586833435146
fixed_20,WULF,2023-12-19,2024-01-22,21,-26.767675064860686,2.734277470875589,-29.501952535736276,-56.62251817704838
fixed_20,WULF,2024-01-04,2024-02-05,21,-28.76712776165459,7.896361219925957,-36.66348898158054,-40.182652577544275
fixed_20,WULF,2024-06-24,2024-07-24,21,20.61612335664902,0.5363889008290215,20.07973445582,-20.21943477607713
fixed_20,WULF,2024-07-09,2024-08-07,21,-33.59841401882227,-16.67797602193374,-16.920437996888523,-47.648905105670245
fixed_20,WULF,2024-11-07,2024-12-09,21,-11.205847405837444,10.00102322232413,-21.20687062816157,-25.510199557979508
fixed_20,WULF,2025-08-28,2025-09-29,21,22.881365435386193,16.571714360221854,6.309651075164338,-7.89200643665785
fixed_20,CIFR,2024-01-04,2024-02-05,21,-41.527445961206396,7.896361219925957,-49.423807181132354,-45.46539249103256
fixed_20,CIFR,2025-06-27,2025-07-29,21,33.33332213997342,10.162063151373271,23.171258988600147,-18.155622744857425
fixed_20,CIFR,2025-07-14,2025-08-12,21,-21.724715987337163,14.24515008027478,-35.969866067611946,-31.98847620641002
fixed_20,CIFR,2025-09-23,2025-10-22,21,13.851597488769896,4.102212258755259,9.749385230014637,-23.395149384936776
fixed_20,CIFR,2025-10-07,2025-11-05,21,56.888883076016874,12.647359569943237,44.241523506073634,-23.395149384936776
fixed_20,CIFR,2025-10-21,2025-11-19,21,-19.114803494030397,-5.080002178439328,-14.03480131559107,-41.92634191359795
fixed_20,CORZ,2024-06-11,2024-07-12,21,15.958672069288227,11.988058039518949,3.970614029769279,-15.488871183802488
fixed_20,CORZ,2024-06-26,2024-07-26,21,2.6130676770438788,-0.3622862597871654,2.975353936831044,-19.572649565682852
fixed_20,HUT,2024-06-28,2024-07-30,21,-6.804533153193438,-5.260402921681478,-1.5441302315119594,-33.25370251631499
fixed_20,HUT,2024-07-15,2024-08-13,21,-45.19999980926514,-15.127527377886185,-30.072472431378948,-47.63497430319352
fixed_20,HUT,2024-11-08,2024-12-10,21,30.81440917475151,5.127489145117777,25.686920029633736,-15.277774361285768
fixed_20,HUT,2024-11-22,2024-12-24,21,-6.327158120452159,1.8216120236196311,-8.14877014407179,-28.40608537567546
fixed_20,BTDR,2023-12-12,2024-01-12,21,3.36134945400941,8.695729303760459,-5.334379849751049,-55.01097248687983
fixed_20,BTDR,2023-12-27,2024-01-29,21,-34.23555434569222,0.5168933545592354,-34.75244770025145,-55.01097248687983
fixed_20,BTDR,2024-07-02,2024-08-01,21,-28.42376687894751,-6.536916826414704,-21.886850052532804,-33.09178447206295
fixed_20,BTDR,2024-11-20,2024-12-20,21,72.32968191312999,3.7770476329054827,68.5526342802245,-21.60760644720122
fixed_20,BTDR,2024-12-05,2025-01-07,21,16.04829478759122,-3.043389725941644,19.091684513532865,-24.501917104583438
fixed_20,BTDR,2024-12-24,2025-01-28,21,-29.244480245461844,-7.052023040793895,-22.19245720466795,-40.45977113132153
fixed_20,BTDR,2025-10-20,2025-11-18,21,-58.11497784133783,-6.775134032250054,-51.33984380908778,-58.85803448056712
fixed_20,BTDR,2026-06-09,2026-07-10,21,-23.664560147434432,-1.6287690410542062,-22.035791106380227,-31.441044602390676
fixed_30,AVGO,2023-12-26,2024-02-09,31,13.38910507074873,9.059227249698072,4.329877821050658,-7.322264772912657
fixed_30,AVGO,2025-01-06,2025-02-21,31,-7.50814651310413,-7.242326555061468,-0.26581995804266234,-17.39681562925608
fixed_30,MRVL,2024-12-24,2025-02-11,31,-5.8426888158450545,-1.107945268890594,-4.73474354695446,-20.41090992223571
fixed_30,MRVL,2026-04-16,2026-06-01,31,64.5272579127939,38.70352362429518,25.823734288498724,-7.476184966962062
fixed_30,MRVL,2026-04-30,2026-06-15,31,87.02998105188426,27.85785278534644,59.17212826653782,-20.175081160241515
fixed_30,MRVL,2026-06-09,2026-07-24,31,-27.204020099812798,-10.374870549924967,-16.82914954988783,-39.35653823378372
fixed_30,MRVL,2026-06-25,2026-08-10,31,-25.829680851698843,-13.529541410753668,-12.300139440945177,-45.134007565644
fixed_30,ALAB,2024-11-21,2025-01-08,31,25.595467559429874,2.8661232597480457,22.729344299681827,-10.314788792235586
fixed_30,ALAB,2025-08-05,2025-09-18,31,85.83445282535847,28.027160737013624,57.807292088344845,-11.660814863781576
fixed_30,ALAB,2025-08-19,2025-10-02,31,22.530111712249166,33.74029237256996,-11.21018066032079,-22.780690714020203
fixed_30,ALAB,2026-05-29,2026-07-15,31,2.2662939697676077,-10.26946790379905,12.535761873566658,-27.410872615612767
fixed_30,ALAB,2026-06-12,2026-07-29,31,-31.978752650183427,-23.809863354541307,-8.168889295642124,-48.29613449266689
fixed_30,ALAB,2026-06-29,2026-08-12,31,-30.081587470953053,-5.285324212013222,-24.79626325893983,-48.29613449266689
fixed_30,CRDO,2024-06-13,2024-07-30,31,-10.297171370394375,-6.495744781355668,-3.8014265890387073,-23.26338256168127
fixed_30,CRDO,2024-12-24,2025-02-11,31,3.285588736005818,-1.107945268890594,4.393534004896411,-34.97076201857182
fixed_30,CRDO,2025-06-17,2025-08-01,31,34.93915292183991,18.99140572947952,15.94774719236039,-9.41611889808307
fixed_30,CRDO,2025-07-02,2025-08-15,31,30.625483133079868,12.951497932601855,17.67398520047801,-9.41611889808307
fixed_30,CRDO,2025-09-19,2025-11-03,31,6.534561211718493,20.22770039347069,-13.693139181752198,-23.47841361865841
fixed_30,LITE,2025-09-17,2025-10-30,31,22.523576202865115,20.25381472050248,2.269761482362637,-12.763848040611336
fixed_30,LITE,2025-11-19,2026-01-06,31,47.78372511666231,11.987961719981532,35.79576339668078,-15.033997955324708
fixed_30,LITE,2025-12-04,2026-01-21,31,10.55055534358269,10.820691259588955,-0.2701359160062644,-18.41125533579586
fixed_30,LITE,2026-02-20,2026-04-07,31,22.160321089680913,1.8798944285023207,20.28042666117859,-28.70220205025136
fixed_30,LITE,2026-04-02,2026-05-18,31,7.026409544655943,40.8498333032547,-33.82342375859875,-15.963497023790552
fixed_30,CIEN,2025-09-18,2025-10-31,31,37.583314550931846,19.5946798950306,17.988634655901247,-4.990757644025978
fixed_30,CIEN,2025-10-02,2025-11-14,31,25.579721023844137,-0.7648078120177472,26.344528835861887,-8.500380486549409
fixed_30,GLW,2025-09-19,2025-11-03,31,9.979898430107937,20.22770039347069,-10.247801963362754,-4.828538358244272
fixed_30,GLW,2026-02-12,2026-03-30,31,-2.0608897715923336,-7.970400924646624,5.90951115305429,-23.00684634349829
fixed_30,GLW,2026-02-27,2026-04-14,31,14.922192312105121,20.02946735804441,-5.107275045939288,-21.899146740349483
fixed_30,MU,2024-04-05,2024-05-20,31,4.385839135989267,7.762037922116577,-3.3761987861273104,-16.265385659319286
fixed_30,MU,2026-01-27,2026-03-12,31,-1.1919881402598698,-0.12421971333775872,-1.067768426922111,-15.417997752901613
fixed_30,MU,2026-05-26,2026-07-10,31,9.32832401223207,-2.3746434291059173,11.702967441337988,-22.663543245417106
fixed_30,MU,2026-06-11,2026-07-28,31,-17.594040637312215,-17.044984286693616,-0.5490563506185986,-32.376132487521325
fixed_30,MU,2026-06-26,2026-08-11,31,-23.28618064285323,-7.858558570052324,-15.427622072800903,-35.96811673606932
fixed_30,STX,2026-05-14,2026-06-30,31,19.997027882875805,10.912858400988533,9.084169481887274,-17.686587412446862
fixed_30,WDC,2025-09-22,2025-11-04,31,35.37939985272334,11.820790255339878,23.55860959738346,-13.845103706647777
fixed_30,WDC,2025-10-06,2025-11-18,31,22.01470377361725,-3.8144335077265126,25.829137281343762,-12.260353634391485
fixed_30,SNDK,2025-09-19,2025-11-03,31,102.53399507004212,20.22770039347069,82.30629467657144,-11.381579357784254
fixed_30,SNDK,2025-10-03,2025-11-17,31,107.05552316814328,-1.6948162235979312,108.7503393917412,-13.96326313212537
fixed_30,SNDK,2025-10-17,2025-12-02,31,46.51113066361143,-0.00647979059809297,46.517610454209525,-30.78064200316042
fixed_30,SNDK,2025-10-31,2025-12-16,31,5.006770499103164,-10.815039824285167,15.82181032338833,-31.33874931400129
fixed_30,SNDK,2025-11-14,2025-12-31,31,-6.602139808592733,1.8727647251197628,-8.474904533712497,-26.8918304072974
fixed_30,SNDK,2026-01-27,2026-03-12,31,28.53790099051072,-0.12421971333775872,28.66212070384848,-24.18081556187165
fixed_30,SNDK,2026-02-10,2026-03-26,31,11.359937707271506,-2.2803361266915623,13.640273833963068,-21.8782833697881
fixed_30,SNDK,2026-02-25,2026-04-10,31,34.69275007977095,9.317794931747384,25.374955148023563,-25.85061584959846
fixed_30,NTAP,2026-06-09,2026-07-24,31,1.9693717391370935,-10.374870549924967,12.344242289062061,-8.513320166454108
fixed_30,PENG,2025-07-22,2025-09-04,31,1.0633877849496765,14.30498730719644,-13.241599522246764,-9.34022414833775
fixed_30,PENG,2026-04-27,2026-06-10,31,101.44578999887463,16.14083059562559,85.30495940324904,-18.050696741786087
fixed_30,PENG,2026-05-11,2026-06-25,31,53.353227466871104,11.770742712736611,41.582484754134484,-18.050696741786087
fixed_30,PENG,2026-05-26,2026-07-10,31,42.58416266840812,-2.3746434291059173,44.958806097514035,-19.129062632399
fixed_30,PENG,2026-06-09,2026-07-24,31,-12.708705344651317,-10.374870549924967,-2.33383479472635,-34.59884513894422
fixed_30,SIMO,2026-05-13,2026-06-29,31,22.99996577971153,9.305317356056372,13.694648423655156,-17.904562067931586
fixed_30,SIMO,2026-06-02,2026-07-17,31,-12.261425417755156,-20.852057005904374,8.590631588149217,-21.540514978451796
fixed_30,RMBS,2025-09-25,2025-11-07,31,6.857876028398979,18.561150136097478,-11.703274107698498,-14.040304877057652
fixed_30,NLST,2025-04-02,2025-05-16,31,-24.742268294631277,21.402857189436002,-46.14512548406728,-25.51020358513416
fixed_30,NLST,2026-01-23,2026-03-10,31,-3.1249970896168877,4.0675686277099405,-7.192565717326828,-25.781249272404228
fixed_30,NLST,2026-05-08,2026-06-24,31,-10.927149860604079,12.871752420152523,-23.798902280756604,-29.565216429817966
fixed_30,SMCI,2024-02-02,2024-03-19,31,57.16404974828975,11.023897710717868,46.14015203757188,-26.87549930169004
fixed_30,SMCI,2024-02-16,2024-04-03,31,26.42159821814909,12.574987817849554,13.846610400299536,-24.544005174325566
fixed_30,SMCI,2024-03-04,2024-04-17,31,-10.63536224498528,-5.78559735601879,-4.849764888966491,-25.698820679398658
fixed_30,DELL,2024-03-14,2024-04-29,31,20.428950128316224,3.5522671589062393,16.876682969409988,-13.449368316875908
fixed_30,DELL,2026-06-11,2026-07-28,31,0.3315666179103838,-17.044984286693616,17.376550904604,-16.536260140592518
fixed_30,HPE,2024-06-20,2024-08-05,31,-19.227171635353645,-14.00048778370286,-5.226683851650785,-19.227171635353645
fixed_30,HPE,2026-06-12,2026-07-29,31,-7.473488835634157,-23.809863354541307,16.33637451890715,-15.719539890724354
fixed_30,CLS,2024-02-13,2024-03-28,31,19.839996337890618,15.351864775613786,4.488131562276834,-9.183024218295067
fixed_30,CLS,2024-11-07,2024-12-23,31,14.285707899253008,4.436626273040204,9.849081626212804,-9.055116533491569
fixed_30,NVDA,2024-02-29,2024-04-15,31,8.71298934177287,-0.510511866969138,9.223501208742007,-10.155583926426658
fixed_30,NVDA,2024-03-14,2024-04-29,31,-0.21264292500168258,3.5522671589062393,-3.764910083907922,-19.791152310550018
fixed_30,AMD,2026-05-11,2026-06-25,31,16.081431026210492,11.770742712736611,4.310688313473879,-16.611373293216246
fixed_30,JBL,2025-07-02,2025-08-15,31,-2.920703053626006,12.951497932601855,-15.872200986227861,-6.498276677861847
fixed_30,TSSI,2024-03-01,2024-04-16,31,22.448982074329173,-4.297488885121066,26.746470959450235,-12.698410145429662
fixed_30,TSSI,2024-04-17,2024-05-31,31,202.89853933202542,19.194698060472003,183.70384127155342,-12.552308684810354
fixed_30,TSSI,2024-05-01,2024-06-14,31,153.08641312126343,28.87407197275727,124.21234114850617,-30.962347124068536
fixed_30,TSSI,2024-05-15,2024-07-01,31,71.87500756699609,15.40573192912463,56.46927563787146,-30.962347124068536
fixed_30,TSSI,2024-05-30,2024-07-16,31,31.380751760681225,20.687622401549348,10.693129359131875,-30.962347124068536
fixed_30,TSSI,2024-08-30,2024-10-15,31,22.9645075864892,12.706710868073824,10.25779671841538,-20.27972401065794
fixed_30,TSSI,2025-06-03,2025-07-18,31,53.10435785689356,19.782004617701325,33.32235323919224,-34.051447018302014
fixed_30,TSSI,2025-06-17,2025-08-01,31,24.32307946019323,18.99140572947952,5.331673730713709,-34.051447018302014
fixed_30,TSSI,2025-07-02,2025-08-15,31,-42.96819849905812,12.951497932601855,-55.91969643165997,-44.83937367260498
fixed_30,TSSI,2026-03-25,2026-05-08,31,-9.895050072905331,41.49935214102479,-51.39440221393012,-29.66646957025616
fixed_30,MOD,2026-02-18,2026-04-02,31,0.8228789385219537,1.021395893528855,-0.1985169550069013,-21.471700928246197
fixed_30,AAON,2024-11-21,2025-01-08,31,-11.28596925547889,2.8661232597480457,-14.152092515226936,-16.16286179273122
fixed_30,POWL,2024-02-14,2024-04-01,31,-10.648164459982157,11.223931405490502,-21.87209586547266,-26.252425735230933
fixed_30,POWL,2024-02-29,2024-04-15,31,-31.704831401221746,-0.510511866969138,-31.194319534252607,-32.00713681149823
fixed_30,BE,2024-11-21,2025-01-08,31,1.83792237633007,2.8661232597480457,-1.0282008834179754,-19.089258771684193
fixed_30,BE,2024-12-06,2025-01-24,31,10.081239106084583,2.671401910253023,7.4098371958315585,-17.98375499613706
fixed_30,BE,2025-08-07,2025-09-22,31,134.42934356418576,30.66664090870678,103.762702655479,-7.311831238449262
fixed_30,BE,2025-08-21,2025-10-06,31,93.9995486693404,36.31698608160807,57.68256258773232,-20.37787746114753
fixed_30,BE,2025-09-05,2025-10-20,31,91.09864752370866,30.51523919255298,60.58340833115569,-20.37787746114753
fixed_30,BE,2025-09-19,2025-11-03,31,67.63216131592458,20.22770039347069,47.404460922453886,-20.37787746114753
fixed_30,BE,2025-10-07,2025-11-19,31,26.574486864249614,-1.643570539094906,28.21805740334452,-27.266975765136603
fixed_30,BE,2025-10-21,2025-12-04,31,13.134699602632649,3.0272094498406372,10.107490152792012,-36.79145820740036
fixed_30,BE,2025-11-04,2025-12-18,31,-37.8457983822728,-8.88789183266619,-28.95790654960661,-45.56962079951693
fixed_30,ATKR,2026-05-05,2026-06-18,31,6.7300558071152095,22.240154079200185,-15.510098272084974,-10.876947267955527
fixed_30,GNRC,2025-08-13,2025-09-26,31,-17.047079512242313,19.590484695912007,-36.637564208154316,-19.023914437048116
fixed_30,CRWV,2025-10-03,2025-11-17,31,-44.113060625247,-1.6948162235979312,-42.41824440164907,-47.351131627743136
fixed_30,NBIS,2025-09-23,2025-11-05,31,8.534319747491104,18.00687941226242,-9.472559664771318,-27.196221867242688
fixed_30,NBIS,2025-10-07,2025-11-19,31,-19.226846083410997,-1.643570539094906,-17.58327554431609,-38.328660287172966
fixed_30,NBIS,2026-05-28,2026-07-14,31,-14.24847597499106,-5.838301415661143,-8.410174559329917,-32.29969839022944
fixed_30,IREN,2023-12-13,2024-01-30,31,-25.215890289569455,12.355615953132794,-37.57150624270225,-58.15899765242503
fixed_30,IREN,2023-12-28,2024-02-13,31,-18.969553779805537,5.896396077137629,-24.865949856943164,-57.2599518539641
fixed_30,IREN,2024-06-10,2024-07-25,31,-8.535403284432007,1.5271649197504586,-10.062568204182467,-37.25881255680089
fixed_30,IREN,2024-06-25,2024-08-08,31,-41.49345620828776,-10.653800250090086,-30.839655958197675,-55.023284437906696
fixed_30,IREN,2025-07-01,2025-08-14,31,25.279057762232892,16.818769903132452,8.46028785910044,-18.904687708569178
fixed_30,IREN,2025-07-16,2025-08-28,31,33.10226242848131,17.500993811153613,15.601268617327696,-18.904687708569178
fixed_30,IREN,2025-09-15,2025-10-28,31,68.06677219909392,20.555077293021366,47.51169490607255,-25.488781411477525
fixed_30,IREN,2025-09-29,2025-11-11,31,24.92924164350412,13.415286686577819,11.5139549569263,-25.488781411477525
fixed_30,IREN,2025-10-13,2025-11-25,31,-25.990019219793894,-2.9783886239890687,-23.01163059580482,-44.69310784434718
fixed_30,APLD,2024-07-01,2024-08-14,31,-40.92307824354905,-8.107770518416702,-32.81530772513235,-46.21848759138126
fixed_30,APLD,2024-09-20,2024-11-04,31,-0.8305679550378975,8.12939280847405,-8.959960763511948,-34.61117507820286
fixed_30,APLD,2024-10-04,2024-11-18,31,4.02684830087876,13.539202242855714,-9.512353941976952,-34.61117507820286
fixed_30,APLD,2025-06-09,2025-07-24,31,-13.97849911298037,16.87482787122185,-30.853326984202223,-29.493087692620968
fixed_30,WULF,2023-12-19,2024-02-05,31,-21.212124861012803,6.233888930922454,-27.446013791935258,-56.62251817704838
fixed_30,WULF,2024-01-04,2024-02-20,31,8.21917002902175,11.951987281007623,-3.7328172519858733,-40.182652577544275
fixed_30,WULF,2024-06-24,2024-08-07,31,-20.853078667626523,-13.623807477877842,-7.229271189748681,-47.648905105670245
fixed_30,WULF,2024-07-09,2024-08-21,31,-4.572564800792511,-3.0994876593826897,-1.4730771414098214,-48.1191240845362
fixed_30,WULF,2024-11-07,2024-12-23,31,-29.232644143922816,4.436626273040204,-33.66927041696302,-34.126982496507516
fixed_30,WULF,2025-08-28,2025-10-13,31,48.30509133806069,29.744436913020444,18.560654425040248,-7.89200643665785
fixed_30,CIFR,2024-01-04,2024-02-20,31,-16.467781570346506,11.951987281007623,-28.41976885135413,-45.46539249103256
fixed_30,CIFR,2025-06-27,2025-08-12,31,10.798111187673687,17.245365207484536,-6.44725401981085,-31.98847620641002
fixed_30,CIFR,2025-07-14,2025-08-26,31,18.07627923424857,14.854576301771317,3.221702932477255,-31.98847620641002
fixed_30,CIFR,2025-09-23,2025-11-05,31,74.62897350268074,18.00687941226242,56.622094090418315,-23.395149384936776
fixed_30,CIFR,2025-10-07,2025-11-19,31,-7.174603901212173,-1.643570539094906,-5.531033362117268,-41.92634191359795
fixed_30,CIFR,2025-10-21,2025-12-04,31,9.709538515566818,3.0272094498406372,6.682329065726181,-42.73573394253223
fixed_30,CORZ,2024-06-11,2024-07-26,31,17.221584310338535,3.31341142619092,13.908172884147612,-19.572649565682852
fixed_30,CORZ,2024-06-26,2024-08-09,31,-2.512562862234502,-9.483599517149397,6.9710366549148945,-29.743586315963388
fixed_30,HUT,2024-06-28,2024-08-13,31,-26.88458835560461,-8.196633002944472,-18.68795535266014,-47.63497430319352
fixed_30,HUT,2024-07-15,2024-08-27,31,-43.80000114440919,-8.331549437957637,-35.468451706451546,-47.63497430319352
fixed_30,HUT,2024-11-08,2024-12-24,31,23.972437179714422,5.371544069280818,18.600893110433606,-28.40608537567546
fixed_30,HUT,2024-11-22,2025-01-10,31,-9.722223959668996,-0.2376684478510314,-9.484555511817964,-32.242063736098636
fixed_30,BTDR,2023-12-12,2024-01-29,31,51.09243797149781,14.318904328698673,36.77353364279913,-55.01097248687983
fixed_30,BTDR,2023-12-27,2024-02-12,31,-32.99195467235532,8.666115021292077,-41.65806969364739,-55.01097248687983
fixed_30,BTDR,2024-07-02,2024-08-15,31,-45.478035220565324,-5.0904020491800415,-40.38763317138528,-49.03381735248033
fixed_30,BTDR,2024-11-20,2025-01-07,31,65.72749667557486,7.059598884873816,58.667897790701026,-24.501917104583438
fixed_30,BTDR,2024-12-05,2025-01-23,31,16.34275437774715,5.249114541663849,11.0936398360833,-34.44444306407296
fixed_30,BTDR,2024-12-24,2025-02-11,31,-33.531408309029345,-1.107945268890594,-32.42346304013875,-40.45977113132153
fixed_30,BTDR,2025-10-20,2025-12-03,31,-50.68439653040077,-0.4707841558384846,-50.213612374562274,-60.305045992688065
fixed_30,BTDR,2026-06-09,2026-07-24,31,-33.60137552594509,-10.374870549924967,-23.22650497602012,-41.375546124313324
fixed_60,AVGO,2023-12-26,2024-03-25,61,19.91766655869489,22.59525050053019,-2.6775839418353016,-12.189690665190833
fixed_60,AVGO,2025-01-06,2025-04-04,61,-37.932979711487505,-35.76207389783864,-2.17090581364886,-40.035696255707556
fixed_60,MRVL,2024-12-24,2025-03-26,61,-42.39422043829916,-18.404776701254,-23.989443737045157,-47.90575575793956
fixed_60,MRVL,2026-04-16,2026-07-15,61,54.69062915551852,22.320040255403946,32.37058890011457,-34.80046875327084
fixed_60,MRVL,2026-04-30,2026-07-29,61,-1.0352382460086962,-7.498487467274331,6.463249221265635,-48.34867016630264
fixed_60,MRVL,2026-06-09,2026-08-25,53,-9.907334661105317,-9.37059619812158,-0.5367384629837352,-47.375777366622195
fixed_60,MRVL,2026-06-25,2026-08-25,42,-14.51351223755447,-14.383056891046017,-0.13045534650845403,-45.134007565644
fixed_60,ALAB,2024-11-21,2025-02-24,61,-18.718790798153208,-4.350987606518767,-14.36780319163444,-42.96687123344095
fixed_60,ALAB,2025-08-05,2025-10-30,61,25.092232145701733,54.970892315709705,-29.878660170007976,-38.52231098075459
fixed_60,ALAB,2025-08-19,2025-11-13,61,-15.544251559329448,35.900197775630424,-51.44444933495988,-42.64332284417813
fixed_60,ALAB,2026-05-29,2026-08-25,60,-17.55870238743856,-12.499722538739979,-5.058979848698583,-48.29613449266689
fixed_60,ALAB,2026-06-12,2026-08-25,50,-23.015116820027583,-11.52598911103643,-11.48912770899115,-48.29613449266689
fixed_60,ALAB,2026-06-29,2026-08-25,40,-38.00991332715834,-12.288248621418266,-25.72166470574008,-48.29613449266689
fixed_60,CRDO,2024-06-13,2024-09-11,61,-7.912926307075874,-5.624098549746661,-2.2888277573292135,-33.44307346750951
fixed_60,CRDO,2024-12-24,2025-03-26,61,-36.8857062728148,-18.404776701254,-18.4809295715608,-53.859648230480175
fixed_60,CRDO,2025-06-17,2025-09-15,61,105.72073467691463,51.32363038991282,54.39710428700181,-15.464986293194272
fixed_60,CRDO,2025-07-02,2025-09-29,61,63.376960970743745,40.90050648350695,22.47645448723679,-17.05066757535173
fixed_60,CRDO,2025-09-19,2025-12-16,61,-17.23283890152556,5.303698778313866,-22.536537679839423,-28.85086399784513
fixed_60,LITE,2025-09-17,2025-12-12,61,98.57353579986268,11.40273976469113,87.17079603517155,-13.267888648294457
fixed_60,LITE,2025-11-19,2026-02-19,61,136.36768663900506,27.299817083174567,109.0678695558305,-18.41125533579586
fixed_60,LITE,2025-12-04,2026-03-05,61,98.51151295044609,13.59873517913569,84.9127777713104,-18.41125533579586
fixed_60,LITE,2026-02-20,2026-05-19,61,33.29290037313732,39.56988064794641,-6.276980274809091,-28.70220205025136
fixed_60,LITE,2026-04-02,2026-07-01,61,-3.110491436048979,62.46459776879145,-65.57508920484042,-23.922931644262558
fixed_60,CIEN,2025-09-18,2025-12-15,61,56.606782954326775,6.113678851709767,50.493104102617,-15.78369924105878
fixed_60,CIEN,2025-10-02,2025-12-30,61,56.137819266614606,2.511484687699275,53.62633457891533,-15.872427278839785
fixed_60,GLW,2025-09-19,2025-12-16,61,8.82902079672505,5.303698778313866,3.525322018411185,-13.283657768623659
fixed_60,GLW,2026-02-12,2026-05-12,61,51.0342230769822,50.65802438284581,0.37619869413638707,-23.00684634349829
fixed_60,GLW,2026-02-27,2026-05-27,61,26.938413895701352,59.683425108731456,-32.745011213030104,-21.899146740349483
fixed_60,MU,2024-04-05,2024-07-03,61,10.7136927922874,26.050789255186267,-15.33709646289887,-16.265385659319286
fixed_60,MU,2026-01-27,2026-04-24,61,21.131209726094458,34.608439593920934,-13.477229867826479,-30.27631901775576
fixed_60,MU,2026-05-26,2026-08-21,61,7.9306051353377205,-9.38465695586703,17.31526209120475,-39.095418440023124
fixed_60,MU,2026-06-11,2026-08-25,51,-6.3016797103070505,-9.920936667750585,3.6192569574435343,-39.095418440023124
fixed_60,MU,2026-06-26,2026-08-25,41,-17.593505977225377,-10.383579938673083,-7.209926038552293,-35.96811673606932
fixed_60,STX,2026-05-14,2026-08-12,61,9.20475906080187,0.7830669068914167,8.421692153910454,-31.81039728717875
fixed_60,WDC,2025-09-22,2025-12-17,61,48.023902241363636,-0.9730218456407871,48.99692408700442,-20.10676417242372
fixed_60,WDC,2025-10-06,2026-01-02,61,49.94487167515391,6.774536731861916,43.170334943292,-20.10676417242372
fixed_60,SNDK,2025-09-19,2025-12-16,61,104.78426712987937,5.303698778313866,99.4805683515655,-31.33874931400129
fixed_60,SNDK,2025-10-03,2025-12-31,61,84.86099066505788,1.626910245931269,83.23408041912661,-31.33874931400129
fixed_60,SNDK,2025-10-17,2026-01-15,61,191.98057901093523,11.80596059902858,180.17461841190666,-31.33874931400129
fixed_60,SNDK,2025-10-31,2026-01-30,61,189.09346044576364,6.187742911054667,182.905717534709,-31.33874931400129
fixed_60,SNDK,2025-11-14,2026-02-13,61,146.52187147099986,25.295111924919844,121.22675954608,-26.8918304072974
fixed_60,SNDK,2026-01-27,2026-04-24,61,105.61660874350846,34.608439593920934,71.00816914958753,-25.85061584959846
fixed_60,SNDK,2026-02-10,2026-05-08,61,188.44618631701002,47.400053314653654,141.04613300235638,-25.85061584959846
fixed_60,SNDK,2026-02-25,2026-05-22,61,133.82933204541607,48.74608649036576,85.08324555505031,-25.85061584959846
fixed_60,NTAP,2026-06-09,2026-08-25,53,13.938941053625765,-9.37059619812158,23.309537251747344,-9.76434278632059
fixed_60,PENG,2025-07-22,2025-10-16,61,-8.01636372458604,54.1678704725594,-62.184234197145436,-27.781568606160356
fixed_60,PENG,2026-04-27,2026-07-24,61,85.37005125088588,9.300912401650155,76.06913884923573,-34.59884513894422
fixed_60,PENG,2026-05-11,2026-08-07,61,34.198436096813055,-2.0664075377588618,36.26484363457192,-46.30789889341439
fixed_60,PENG,2026-05-26,2026-08-21,61,-4.24022165369311,-9.38465695586703,5.144435302173919,-46.30789889341439
fixed_60,PENG,2026-06-09,2026-08-25,53,-18.33359995196536,-9.37059619812158,-8.963003753843783,-46.30789889341439
fixed_60,SIMO,2026-05-13,2026-08-11,61,-16.828472730396026,-2.6527574949074464,-14.175715235488582,-37.761945909835205
fixed_60,SIMO,2026-06-02,2026-08-25,58,-19.566757135579437,-18.142539596137418,-1.4242175394420187,-37.761945909835205
fixed_60,RMBS,2025-09-25,2025-12-22,61,-5.458515168115852,13.071939896780355,-18.530455064896206,-23.175778267406887
fixed_60,NLST,2025-04-02,2025-07-01,61,-27.835054903864464,42.48414992264678,-70.31920482651124,-37.864077332804335
fixed_60,NLST,2026-01-23,2026-04-22,61,64.06249621650196,36.5847054190483,27.477790797453654,-26.455026655260415
fixed_60,NLST,2026-05-08,2026-08-06,61,26.490064813538506,-0.7304339697794666,27.22049878331797,-32.46377126080373
fixed_60,SMCI,2024-02-02,2024-05-01,61,27.37435991463577,10.935512262400039,16.438847652235733,-39.93199193617938
fixed_60,SMCI,2024-02-16,2024-05-15,61,18.55300402420832,19.07672903957593,-0.5237250153676126,-39.93199193617938
fixed_60,SMCI,2024-03-04,2024-05-30,61,-22.935011098534407,16.079225573912883,-39.01423667244729,-39.93199193617938
fixed_60,DELL,2024-03-14,2024-06-11,61,24.14460755099872,24.3239683919325,-0.1793608409337788,-27.476154996290468
fixed_60,DELL,2026-06-11,2026-08-25,51,15.530991131959526,-9.920936667750585,25.451927799710113,-19.07793305116129
fixed_60,HPE,2024-06-20,2024-09-17,61,-15.269996073608693,-1.9779825419896802,-13.292013531619013,-25.0465518513602
fixed_60,HPE,2026-06-12,2026-08-25,50,11.26500410344542,-11.52598911103643,22.79099321448185,-15.719539890724354
fixed_60,CLS,2024-02-13,2024-05-10,61,29.359995524088546,14.617159497396537,14.742836026692007,-17.600648814943433
fixed_60,CLS,2024-11-07,2025-02-07,61,51.99811808868338,6.452356780181962,45.54576130850141,-29.131173043424173
fixed_60,NVDA,2024-02-29,2024-05-28,61,43.98108158162166,21.63125031672636,22.349831264895304,-19.791152310550018
fixed_60,NVDA,2024-03-14,2024-06-11,61,37.496510844971674,24.3239683919325,13.172542453039176,-19.791152310550018
fixed_60,AMD,2026-05-11,2026-08-07,61,5.355386200446177,-2.0664075377588618,7.4217937382050385,-26.053946839070953
fixed_60,JBL,2025-07-02,2025-09-29,61,-3.2903941675334836,40.90050648350695,-44.19090065104044,-12.251756074512365
fixed_60,TSSI,2024-03-01,2024-05-29,61,363.26529321348823,16.208419353291184,347.056873860197,-12.698410145429662
fixed_60,TSSI,2024-04-17,2024-07-16,61,355.07248054405045,49.179962624586715,305.8925179194637,-30.962347124068536
fixed_60,TSSI,2024-05-01,2024-07-30,61,246.91357216154034,21.346473634613425,225.5670985269269,-30.962347124068536
fixed_60,TSSI,2024-05-15,2024-08-13,61,100.0,3.299968676576991,96.700031323423,-34.11764862628127
fixed_60,TSSI,2024-05-30,2024-08-27,61,106.27613439106054,6.20650127091342,100.06963312014712,-34.11764862628127
fixed_60,TSSI,2024-08-30,2024-11-26,61,97.0772370681065,32.51600665954318,64.56123040856332,-38.981634206181525
fixed_60,TSSI,2025-06-03,2025-08-29,61,-7.992074046950881,34.715779777542245,-42.70785382449313,-55.20900278356371
fixed_60,TSSI,2025-06-17,2025-09-15,61,-26.571825021822026,51.32363038991282,-77.89545541173484,-60.192926165308734
fixed_60,TSSI,2025-07-02,2025-09-29,61,-34.66431000144905,40.90050648350695,-75.56481648495601,-57.689678682159
fixed_60,TSSI,2026-03-25,2026-06-23,61,-4.647675250879257,64.50955261576654,-69.1572278666458,-37.44880348193242
fixed_60,MOD,2026-02-18,2026-05-15,61,24.700046562700486,48.12369597636806,-23.423649413667576,-21.471700928246197
fixed_60,AAON,2024-11-21,2025-02-24,61,-26.136838988375068,-4.350987606518767,-21.7858513818563,-28.70850747826612
fixed_60,POWL,2024-02-14,2024-05-13,61,4.925107511507987,10.073224648986882,-5.148117137478894,-33.36212878224206
fixed_60,POWL,2024-02-29,2024-05-28,61,11.46676877683037,21.63125031672636,-10.164481539895986,-33.36212878224206
fixed_60,BE,2024-11-21,2025-02-24,61,-5.179614634319285,-4.350987606518767,-0.8286270278005187,-31.5665884468161
fixed_60,BE,2024-12-06,2025-03-10,61,-16.469716015650114,-26.593692143980125,10.123976128330009,-31.5665884468161
fixed_60,BE,2025-08-07,2025-11-03,61,286.87499475219965,59.45234959506826,227.42264515713143,-20.37787746114753
fixed_60,BE,2025-08-21,2025-11-17,61,138.92481872743133,35.231558248559615,103.69326047887171,-27.266975765136603
fixed_60,BE,2025-09-05,2025-12-02,61,83.9845813237715,26.828308250185952,57.15627307358554,-36.79145820740036
fixed_60,BE,2025-09-19,2025-12-16,61,3.1555402043398573,5.303698778313866,-2.148158573974009,-38.46315683424862
fixed_60,BE,2025-10-07,2026-01-05,61,20.694870663762654,8.519969554085955,12.174901109676698,-45.93664124428211
fixed_60,BE,2025-10-21,2026-01-20,61,45.38226096286937,12.852378557866476,32.529882405002894,-45.93664124428211
fixed_60,BE,2025-11-04,2026-02-03,61,30.87175156587334,13.71865537996956,17.15309618590378,-45.56962079951693
fixed_60,ATKR,2026-05-05,2026-08-03,61,23.008470028919348,1.0926331708798511,21.915836858039498,-19.306872514272634
fixed_60,GNRC,2025-08-13,2025-11-07,61,-23.445901595444198,48.0027978555672,-71.4486994510114,-24.185364230330453
fixed_60,CRWV,2025-10-03,2025-12-31,61,-46.87291032180888,1.626910245931269,-48.49982056774015,-54.88537725350545
fixed_60,NBIS,2025-09-23,2025-12-18,61,-27.56030229387153,2.820388058917574,-30.380690352789102,-44.30090564839881
fixed_60,NBIS,2025-10-07,2026-01-05,61,-21.129987903163595,8.519969554085955,-29.64995745724955,-44.30090564839881
fixed_60,NBIS,2026-05-28,2026-08-25,61,-1.9307215639712938,-10.185040209483418,8.254318645512123,-48.29955702728198
fixed_60,IREN,2023-12-13,2024-03-13,61,-15.37132767442646,29.99278447802786,-45.364112152454325,-61.82008436027061
fixed_60,IREN,2023-12-28,2024-03-27,61,-37.11943899828908,22.64271662138743,-59.762155619676506,-57.2599518539641
fixed_60,IREN,2024-06-10,2024-09-06,61,-37.536374441196365,-6.972740202245833,-30.56363423895053,-57.15236080082502
fixed_60,IREN,2024-06-25,2024-09-20,61,-42.18629437100149,2.6882216701575796,-44.87451604115907,-57.15236080082502
fixed_60,IREN,2025-07-01,2025-09-26,61,174.8522775346385,40.64914249317235,134.2031350414661,-18.904687708569178
fixed_60,IREN,2025-07-16,2025-10-10,61,245.29175217689533,46.938481898316034,198.3532702785793,-18.904687708569178
fixed_60,IREN,2025-09-15,2025-12-10,61,18.25524741711917,19.909331440849336,-1.654084023730165,-46.18505828933027
fixed_60,IREN,2025-09-29,2025-12-24,61,-8.6000451484742,10.673053273337706,-19.27309842181191,-55.79113053223437
fixed_60,IREN,2025-10-13,2026-01-09,61,-28.235111915629886,6.214142550646374,-34.44925446627626,-55.79113053223437
fixed_60,APLD,2024-07-01,2024-09-26,61,26.923076923076916,9.209425554746403,17.713651368330513,-55.882350780520326
fixed_60,APLD,2024-09-20,2024-12-17,61,60.963448689113655,34.37291479593064,26.590533893183014,-34.61117507820286
fixed_60,APLD,2024-10-04,2025-01-02,61,4.697991817858194,20.210837820351767,-15.512846002493571,-34.61117507820286
fixed_60,APLD,2025-06-09,2025-09-05,61,6.682026535877061,32.06212978717655,-25.38010325129949,-29.493087692620968
fixed_60,WULF,2023-12-19,2024-03-19,61,-13.131312523164528,19.298656151795168,-32.429968674959696,-56.62251817704838
fixed_60,WULF,2024-01-04,2024-04-03,61,6.39268780035025,30.22304542540984,-23.83035762505959,-40.182652577544275
fixed_60,WULF,2024-06-24,2024-09-19,61,5.6872099499422735,3.3060225284280382,2.3811874215142352,-48.1191240845362
fixed_60,WULF,2024-07-09,2024-10-03,61,-6.361832173235027,3.9133416063001927,-10.27517377953522,-48.1191240845362
fixed_60,WULF,2024-11-07,2025-02-07,61,-38.73324986069502,6.452356780181962,-45.185606640876976,-49.77324283879228
fixed_60,WULF,2025-08-28,2025-11-24,61,33.79238004084837,24.235831336932705,9.556548703915663,-31.739133473766312
fixed_60,CIFR,2024-01-04,2024-04-03,61,3.8186120579255745,30.22304542540984,-26.404433367484266,-45.46539249103256
fixed_60,CIFR,2025-06-27,2025-09-24,61,231.92487285462468,45.06294864795202,186.86192420667268,-31.98847620641002
fixed_60,CIFR,2025-07-14,2025-10-08,61,191.87395968646416,53.68527182007538,138.18868786638882,-31.98847620641002
fixed_60,CIFR,2025-09-23,2025-12-18,61,7.0671379997101935,2.820388058917574,4.24674994079262,-42.73573394253223
fixed_60,CIFR,2025-10-07,2026-01-05,61,15.301586332775297,8.519969554085955,6.781616778689341,-42.73573394253223
fixed_60,CIFR,2025-10-21,2026-01-20,61,-0.8575417986333767,12.852378557866476,-13.709920356499852,-42.73573394253223
fixed_60,CORZ,2024-06-11,2024-09-09,61,14.810562068923616,-4.204146453104058,19.014708522027675,-29.743586315963388
fixed_60,CORZ,2024-06-26,2024-09-23,61,25.52763829691591,5.870197919516169,19.657440377399745,-29.743586315963388
fixed_60,HUT,2024-06-28,2024-09-25,61,-16.410941132145673,7.087380116826225,-23.498321248971898,-56.999522843894134
fixed_60,HUT,2024-07-15,2024-10-09,61,-45.149998664855964,2.189420191724151,-47.33941885658011,-56.999522843894134
fixed_60,HUT,2024-11-08,2025-02-10,61,6.254789066806388,6.858355051143568,-0.6035659843371801,-35.152113892934544
fixed_60,HUT,2024-11-22,2025-02-25,61,-42.63117344988372,-9.967933370125586,-32.66324007975813,-50.826719582976885
fixed_60,BTDR,2023-12-12,2024-03-12,61,5.71428846196691,32.40685270700055,-26.69256424503364,-55.01097248687983
fixed_60,BTDR,2023-12-27,2024-03-26,61,-49.30504908806551,21.52497550543614,-70.83002459350165,-55.01097248687983
fixed_60,BTDR,2024-07-02,2024-09-27,61,-27.304049698836874,7.338697921364281,-34.642747620201156,-56.119164446161705
fixed_60,BTDR,2024-11-20,2025-02-21,61,10.092512822668166,2.2011517111339027,7.891361111534262,-49.846743443416095
fixed_60,BTDR,2024-12-05,2025-03-07,61,-35.21790166932325,-21.482106092785106,-13.735795576538143,-64.52107243854228
fixed_60,BTDR,2024-12-24,2025-03-26,61,-56.91850658484605,-18.404776701254,-38.51372988359205,-64.52107243854228
fixed_60,BTDR,2025-10-20,2026-01-16,61,-38.05240382621451,13.226130648849068,-51.27853447506357,-61.830268496806376
fixed_60,BTDR,2026-06-09,2026-08-25,53,-35.15221102353302,-9.37059619812158,-25.781614825411438,-52.56550368372328
volume_decay,AVGO,2023-12-26,2024-01-02,4,-4.109061922623669,-2.9896179367052276,-1.1194439859184415,-4.109061922623669
volume_decay,AVGO,2025-01-06,2025-01-14,5,-4.953274760670546,-4.424331019983078,-0.5289437406874674,-5.1182346649420225
volume_decay,MRVL,2024-12-24,2025-01-03,6,1.9232419230674092,1.5018327081618024,0.4214092149056069,-4.743424302921307
volume_decay,MRVL,2026-04-16,2026-07-07,55,72.97743975427939,23.643988704956886,49.333451049322505,-27.092881774370813
volume_decay,MRVL,2026-04-30,2026-07-07,45,39.69118720854785,12.03079509042765,27.660392118120203,-27.092881774370813
volume_decay,MRVL,2026-06-09,2026-07-07,18,-13.556656453123983,-6.201203600659767,-7.355452852464217,-25.71961973841659
volume_decay,MRVL,2026-06-25,2026-07-07,7,-17.976254754285705,-11.747411111079133,-6.22884364320657,-22.555306710256495
volume_decay,ALAB,2024-11-21,2025-01-07,30,28.3134869182486,4.711494387344726,23.60199253090387,-9.16260944657299
volume_decay,ALAB,2025-08-05,2025-10-09,46,66.31990839772688,43.30557460422977,23.01433379349711,-22.780690714020203
volume_decay,ALAB,2025-08-19,2025-10-09,36,31.784166896508914,39.96601697720888,-8.181850080699965,-22.780690714020203
volume_decay,ALAB,2026-05-29,2026-07-16,32,-6.7405616035378095,-14.979688862212507,8.239127258674698,-33.803983788065395
volume_decay,ALAB,2026-06-12,2026-07-16,22,-12.912979558832927,-14.467659101580816,1.5546795427478888,-33.803983788065395
volume_decay,ALAB,2026-06-29,2026-07-16,12,-29.87542849669601,-15.339562475914647,-14.535866020781363,-33.803983788065395
volume_decay,CRDO,2024-06-13,2024-07-15,20,14.340012238930022,8.101731936107306,6.238280302822716,-6.573085344483765
volume_decay,CRDO,2024-12-24,2025-02-19,36,0.7582152573319068,1.7182011592168085,-0.9599859018849018,-34.97076201857182
volume_decay,CRDO,2025-06-17,2025-08-14,40,47.196089798864804,26.130807898147324,21.06528190071748,-9.41611889808307
volume_decay,CRDO,2025-07-02,2025-08-14,30,31.285664345066834,13.923058965478036,17.362605379588796,-9.41611889808307
volume_decay,CRDO,2025-09-19,2025-11-14,40,-14.177868384213365,4.9517522819792745,-19.12962066619264,-23.808762035754462
volume_decay,LITE,2025-09-17,2025-10-09,16,-2.191748445768893,12.46321358016502,-14.654962025933912,-10.932944606413997
volume_decay,LITE,2025-11-19,2025-12-30,27,38.0261691737297,4.5292541867797205,33.496914986949974,-15.033997955324708
volume_decay,LITE,2025-12-04,2025-12-30,17,13.216405601830171,-3.969331104948341,17.185736706778513,-15.033997955324708
volume_decay,LITE,2026-02-20,2026-04-27,45,28.738932196932865,29.207950838156364,-0.4690186412235009,-28.70220205025136
volume_decay,LITE,2026-04-02,2026-04-27,16,3.966716766553957,29.195495075941906,-25.228778309387952,-8.167834506229122
volume_decay,CIEN,2025-09-18,2025-12-29,70,73.13822922650736,9.498657528064381,63.639571698442985,-15.872427278839785
volume_decay,CIEN,2025-10-02,2025-12-29,60,56.557051137632364,3.345087970784276,53.211963166848086,-15.872427278839785
volume_decay,GLW,2025-09-19,2025-10-17,20,6.19658408480892,9.573046238897023,-3.376462154088103,-4.828538358244272
volume_decay,GLW,2026-02-12,2026-04-22,47,28.5741164679536,31.404877076593568,-2.830760608639965,-23.00684634349829
volume_decay,GLW,2026-02-27,2026-04-22,37,12.22235512345604,28.411399231219253,-16.189044107763213,-21.899146740349483
volume_decay,MU,2024-04-05,2024-05-01,18,-11.231594835106662,-5.726631128451839,-5.504963706654823,-16.265385659319286
volume_decay,MU,2026-01-27,2026-06-05,90,110.69934104367292,62.535487793916865,48.16385324975605,-30.27631901775576
volume_decay,MU,2026-05-26,2026-07-14,33,9.75478679552333,-5.751317898507261,15.50610469403059,-22.777276154670723
volume_decay,MU,2026-06-11,2026-07-14,21,-1.2651049033565065,-5.859125558464422,4.594020655107915,-22.777276154670723
volume_decay,MU,2026-06-26,2026-07-14,11,-13.163901791782106,-6.393219460776067,-6.770682331006039,-18.812077647763125
volume_decay,STX,2026-05-14,2026-08-14,63,21.046535870744165,2.48520620713101,18.561329663613154,-31.81039728717875
volume_decay,WDC,2025-09-22,2025-11-28,48,45.29844799389087,8.521261449092558,36.777186544798305,-20.10676417242372
volume_decay,WDC,2025-10-06,2025-11-28,38,30.371971182374935,4.463979469226808,25.907991713148128,-20.10676417242372
volume_decay,SNDK,2025-09-19,2025-12-11,58,136.3858749383905,17.011280874839933,119.37459406355053,-31.33874931400129
volume_decay,SNDK,2025-10-03,2025-12-11,48,88.15512321462904,11.107727073576564,77.04739614105247,-31.33874931400129
volume_decay,SNDK,2025-10-17,2025-12-11,38,72.38155985841203,7.64411087368647,64.73744898472556,-31.33874931400129
volume_decay,SNDK,2025-10-31,2025-12-11,28,21.21105623383879,-1.4264680969846046,22.637524330823393,-31.33874931400129
volume_decay,SNDK,2025-11-14,2025-12-11,18,-4.937835564576987,11.747086978021871,-16.684922542598855,-26.8918304072974
volume_decay,SNDK,2026-01-27,2026-06-05,90,223.89339468078916,62.535487793916865,161.35790688687229,-25.85061584959846
volume_decay,SNDK,2026-02-10,2026-06-22,90,319.7861899004195,79.65403647160669,240.1321534288128,-25.85061584959846
volume_decay,SNDK,2026-02-25,2026-07-07,90,155.81136953747517,46.03516501973118,109.77620451774399,-30.71948817251071
volume_decay,NTAP,2026-06-09,2026-07-22,29,1.2398827274340496,-6.664734542869071,7.90461727030312,-8.513320166454108
volume_decay,PENG,2025-07-22,2025-08-12,15,-0.8588997352490968,11.328530266793868,-12.187430002042966,-9.34022414833775
volume_decay,PENG,2026-04-27,2026-07-29,64,50.43029917601223,-5.537901964752644,55.968201140764876,-46.30789889341439
volume_decay,PENG,2026-05-11,2026-07-29,54,0.36747782280144303,-18.054046595968494,18.421524418769934,-46.30789889341439
volume_decay,PENG,2026-05-26,2026-07-29,44,-20.47315713157818,-22.514667621295487,2.0415104897173073,-46.30789889341439
volume_decay,PENG,2026-06-09,2026-07-29,34,-29.161935912218794,-22.00469589895364,-7.157240013265157,-46.30789889341439
volume_decay,SIMO,2026-05-13,2026-07-09,38,20.154152201418363,4.221452939847391,15.93269926157097,-17.904562067931586
volume_decay,SIMO,2026-06-02,2026-07-09,25,7.631037059164525,-10.41301491410866,18.044051973273184,-17.904562067931586
volume_decay,RMBS,2025-09-25,2025-10-20,17,-2.967452788579228,12.901229604237008,-15.868682392816236,-14.040304877057652
volume_decay,NLST,2025-04-02,2025-04-07,3,-14.432993935073956,-14.889026889022569,0.45603295394861243,-14.432993935073956
volume_decay,NLST,2026-01-23,2026-02-10,12,-15.624994761310395,6.440520092203844,-22.06551485351424,-22.656247526174354
volume_decay,NLST,2026-05-08,2026-06-03,17,1.986753084718007,18.649583726683588,-16.66283064196558,-29.565216429817966
volume_decay,SMCI,2024-02-02,2024-03-28,38,74.25425904757417,19.923260591814092,54.33099845576008,-26.87549930169004
volume_decay,SMCI,2024-02-16,2024-03-28,28,25.731959158445463,12.881055780219874,12.850903378225587,-24.544005174325566
volume_decay,SMCI,2024-03-04,2024-03-28,18,-5.986000585587325,3.9777540734839327,-9.963754659071258,-24.544005174325566
volume_decay,DELL,2024-03-14,2024-04-22,26,8.96133434871562,-0.12082550325471146,9.082159851970333,-13.449368316875908
volume_decay,DELL,2026-06-11,2026-07-13,20,9.109710833458994,-6.384443658517458,15.494154491976452,-9.155409300108385
volume_decay,HPE,2024-06-20,2024-07-08,11,-2.7467388050505193,3.7677084430000196,-6.51444724805054,-4.702033169191089
volume_decay,HPE,2026-06-12,2026-07-06,14,-10.159333454004994,-4.332754753154925,-5.826578700850068,-15.719539890724354
volume_decay,CLS,2024-02-13,2024-04-01,32,22.400004069010414,15.51347237403477,6.886531694975645,-9.183024218295067
volume_decay,CLS,2024-11-07,2024-12-12,24,6.656510234725688,9.141870107827629,-2.4853598731019404,-9.055116533491569
volume_decay,NVDA,2024-02-29,2024-04-08,26,10.143937220962162,7.127029533438059,3.0169076875241037,-9.57558732127759
volume_decay,NVDA,2024-03-14,2024-04-08,16,-0.9221884536516844,6.6746915314420825,-7.596879985093767,-9.57558732127759
volume_decay,AMD,2026-05-11,2026-07-13,42,16.478128271207403,-0.6532542445542728,17.131382515761675,-16.611373293216246
volume_decay,JBL,2025-07-02,2025-08-05,23,-1.0275426698188928,9.438637939626004,-10.466180609444896,-5.130656932030875
volume_decay,TSSI,2024-03-01,2024-03-15,10,-2.0408204226431526,-2.735741932801922,0.6949215101587691,-10.204083866896262
volume_decay,TSSI,2024-04-17,2024-07-01,51,218.84058772253158,33.60107242911472,185.23951529341687,-30.962347124068536
volume_decay,TSSI,2024-05-01,2024-07-01,41,171.6049433590308,30.30993192405275,141.29501143497805,-30.962347124068536
volume_decay,TSSI,2024-05-15,2024-07-01,31,71.87500756699609,15.40573192912463,56.46927563787146,-30.962347124068536
volume_decay,TSSI,2024-05-30,2024-07-01,21,-7.9497928402005975,8.978012459196753,-16.927805299397352,-30.962347124068536
volume_decay,TSSI,2024-08-30,2024-09-17,11,13.778702560924149,0.006584455278656764,13.772118105645493,-4.356440766723901
volume_decay,TSSI,2025-06-03,2025-08-21,55,-0.46235565991521455,26.903561354131444,-27.36591701404666,-52.89389247963108
volume_decay,TSSI,2025-06-17,2025-08-21,45,-30.83983909295992,22.394010736168298,-53.23384982912822,-52.89389247963108
volume_decay,TSSI,2025-07-02,2025-08-21,35,-46.74911625054339,10.451147101671436,-57.20026335221482,-49.93164899544459
volume_decay,TSSI,2026-03-25,2026-05-21,40,-13.118440629556583,45.03328775384766,-58.15172838340425,-37.44880348193242
volume_decay,MOD,2026-02-18,2026-03-02,8,9.640050263586408,1.8399163179924984,7.80013394559391,-3.992394199442495
volume_decay,AAON,2024-11-21,2024-12-12,14,-3.1076561570776984,6.212929771353191,-9.320585928430889,-8.055567652119644
volume_decay,POWL,2024-02-14,2024-04-03,33,-11.910516431768691,10.661055024261271,-22.57157145602996,-27.29432258295613
volume_decay,POWL,2024-02-29,2024-04-03,23,-27.29432258295613,8.239028530438564,-35.533351113394694,-27.29432258295613
volume_decay,BE,2024-11-21,2024-12-24,22,1.6290700958574211,4.002326272848827,-2.373256176991406,-16.648457104390545
volume_decay,BE,2024-12-06,2024-12-24,12,-10.155096040427336,-5.777659478148728,-4.377436562278608,-15.509604042733905
volume_decay,BE,2025-08-07,2025-12-08,85,203.77718269881336,50.39266056889882,153.38452212991456,-36.79145820740036
volume_decay,BE,2025-08-21,2025-12-08,75,149.3642568582008,47.71442804365626,101.64982881454453,-36.79145820740036
volume_decay,BE,2025-09-05,2025-12-08,65,95.88225252026028,33.13092821511111,62.75132430514917,-36.79145820740036
volume_decay,BE,2025-09-19,2025-12-08,55,31.626045583229168,13.58491754993199,18.041128033297177,-36.79145820740036
volume_decay,BE,2025-10-07,2025-12-08,43,29.897750507621602,8.177930131254268,21.719820376367334,-36.79145820740036
volume_decay,BE,2025-10-21,2025-12-08,33,7.099064818059997,4.456907750941082,2.642157067118915,-36.79145820740036
volume_decay,BE,2025-11-04,2025-12-08,23,-13.374662323183395,-0.7632403478271805,-12.611421975356215,-36.36235377039154
volume_decay,ATKR,2026-05-05,2026-06-09,24,6.217247271809856,12.141699975163727,-5.924452703353871,-6.228783327806875
volume_decay,GNRC,2025-08-13,2025-08-27,10,-7.818585227085528,1.7597237344942198,-9.578308961579749,-7.818585227085528
volume_decay,CRWV,2025-10-03,2025-10-24,15,-1.6618371881805372,8.086453864546375,-9.748291052726913,-15.061505993831004
volume_decay,NBIS,2025-09-23,2025-12-01,48,-7.096476168192611,8.641794090983286,-15.738270259175897,-38.535362461555934
volume_decay,NBIS,2025-10-07,2025-12-01,38,-14.910786641804908,4.424954345273067,-19.335740987077973,-38.535362461555934
volume_decay,NBIS,2026-05-28,2026-07-16,33,-24.109743283712493,-13.070237063261095,-11.039506220451397,-40.08510837151801
volume_decay,IREN,2023-12-13,2024-01-26,29,-26.252158738185106,9.91551052419985,-36.167669262384955,-58.15899765242503
volume_decay,IREN,2023-12-28,2024-01-26,19,-50.0,-1.1545662598148212,-48.84543374018518,-53.16159229663426
volume_decay,IREN,2024-06-10,2024-07-30,34,-9.020371167068841,-1.0423065760964225,-7.978064590972418,-37.59148182907758
volume_decay,IREN,2024-06-25,2024-07-30,24,-27.790606006812123,-5.953555774352531,-21.837050232459593,-37.59148182907758
volume_decay,IREN,2025-07-01,2025-08-08,27,21.14249059412847,14.152432854210417,6.990057739918054,-18.904687708569178
volume_decay,IREN,2025-07-16,2025-08-08,17,6.585796257475551,9.563084588591247,-2.9772883311156964,-18.904687708569178
volume_decay,IREN,2025-09-15,2025-11-21,49,13.78567317185202,1.8146239099858463,11.971049261866174,-44.69310784434718
volume_decay,IREN,2025-09-29,2025-11-21,39,-7.990424470406565,-1.8993245510034111,-6.091099919403154,-44.69310784434718
volume_decay,IREN,2025-10-13,2025-11-21,29,-34.11288006910467,-9.348574284369827,-24.76430578473484,-44.69310784434718
volume_decay,APLD,2024-07-01,2024-07-26,18,-31.692306811992943,-1.269346446862449,-30.422960365130493,-37.81512408618731
volume_decay,APLD,2024-09-20,2024-11-14,39,13.95349095098517,20.071596399979896,-6.118105448994726,-34.61117507820286
volume_decay,APLD,2024-10-04,2024-11-14,29,-7.919458937663104,13.244466220501486,-21.16392515816459,-34.61117507820286
volume_decay,APLD,2025-06-09,2025-06-27,13,-20.27649961984873,7.679957370236691,-27.95645699008542,-24.577577960308982
volume_decay,WULF,2023-12-19,2024-01-25,24,-23.232324935139314,3.3560226792835905,-26.5883476144229,-56.62251817704838
volume_decay,WULF,2024-01-04,2024-01-25,14,-30.593609990326087,4.738478516086802,-35.33208850641289,-40.182652577544275
volume_decay,WULF,2024-06-24,2024-07-31,26,-1.4217996626207485,0.5653399225546862,-1.9871395851754348,-39.655174991012586
volume_decay,WULF,2024-07-09,2024-07-31,16,-17.296229147262576,-3.1221017956725676,-14.174127351590007,-39.655174991012586
volume_decay,WULF,2024-11-07,2024-12-27,34,-32.643115906044606,4.7815051186571385,-37.42462102470174,-37.30158275341571
volume_decay,WULF,2025-08-28,2025-09-08,6,-2.5423705697709242,0.7873751266721855,-3.3297456964431094,-7.89200643665785
volume_decay,CIFR,2024-01-04,2024-01-22,11,-32.696899887072675,4.042345125747112,-36.73924501281978,-37.2315017058593
volume_decay,CIFR,2025-06-27,2025-08-05,26,17.605632856899156,11.79383620588436,5.811796651014796,-28.962539082267124
volume_decay,CIFR,2025-07-14,2025-08-05,16,-16.91542198070557,9.052937734774344,-25.968359715479917,-28.962539082267124
volume_decay,CIFR,2025-09-23,2025-11-20,42,2.897532241269496,-3.529271586496606,6.4268038277661015,-41.92634191359795
volume_decay,CIFR,2025-10-07,2025-11-20,32,-7.555552891322548,-7.32900766223554,-0.22654522908700792,-41.92634191359795
volume_decay,CIFR,2025-10-21,2025-11-20,22,-19.44675073281228,-10.410141300375813,-9.036609432436467,-41.92634191359795
volume_decay,CORZ,2024-06-11,2024-07-31,34,11.940298017200512,3.784155953544811,8.156142063655702,-21.19657762962044
volume_decay,CORZ,2024-06-26,2024-07-31,24,-2.0100483728542673,0.15641939463995347,-2.1664677674942205,-21.19657762962044
volume_decay,HUT,2024-06-28,2024-08-07,27,-25.750498436393997,-14.344510070959625,-11.405988365434371,-46.822742703503074
volume_decay,HUT,2024-07-15,2024-08-07,17,-44.3499994277954,-20.89422318318752,-23.455776244607883,-46.822742703503074
volume_decay,HUT,2024-11-08,2024-12-31,35,4.620887051064559,0.5556371406799234,4.065249910384636,-32.242063736098636
volume_decay,HUT,2024-11-22,2024-12-31,25,-20.949075189787447,-2.552188325695511,-18.396886864091936,-32.242063736098636
volume_decay,BTDR,2023-12-12,2024-01-23,27,3.36134945400941,10.040689271006205,-6.679339816996794,-55.01097248687983
volume_decay,BTDR,2023-12-27,2024-01-23,17,-55.01097248687983,-2.2734162045169617,-52.73755628236286,-55.01097248687983
volume_decay,BTDR,2024-07-02,2024-08-02,22,-36.64943810016899,-11.484677863570216,-25.16476023659878,-40.78099859989555
volume_decay,BTDR,2024-11-20,2025-01-30,46,52.81748992125088,2.963664969296949,49.85382495195393,-40.45977113132153
volume_decay,BTDR,2024-12-05,2025-01-30,36,7.008248328261679,-6.615692859648489,13.623941187910168,-40.45977113132153
volume_decay,BTDR,2024-12-24,2025-01-30,23,-22.877756841378783,-2.890637073135455,-19.98711976824333,-40.45977113132153
volume_decay,BTDR,2025-10-20,2025-11-25,26,-53.38286969668308,-3.7633820618324445,-49.619487634850636,-60.305045992688065
volume_decay,BTDR,2026-06-09,2026-07-14,23,-29.006319557696692,-5.049916464222716,-23.956403093473977,-33.78820787934895
signal_death,AVGO,2023-12-26,2023-12-27,1,-0.5053480623262385,1.7311830229748568,-2.2365310853010953,-0.5053480623262385
signal_death,AVGO,2025-01-06,2025-01-07,1,-3.2866737877365604,-2.336296353246872,-0.9503774344896881,-3.2866737877365604
signal_death,MRVL,2024-12-24,2024-12-26,1,-0.20698422536022942,0.3555450497302055,-0.5625292750904349,-0.20698422536022942
signal_death,MRVL,2026-04-16,2026-05-07,15,19.974514726986015,18.674283058670127,1.3002316683158877,-7.447454999620184
signal_death,MRVL,2026-04-30,2026-05-07,5,-3.1123225040827207,8.344955258142408,-11.457277762225129,-7.051982850970706
signal_death,MRVL,2026-06-09,2026-06-16,5,4.417722267509427,4.38779182813823,0.029930439371197298,-9.780495556624624
signal_death,MRVL,2026-06-25,2026-06-26,1,-5.151825119342135,-4.517112921675654,-0.6347121976664809,-5.151825119342135
signal_death,ALAB,2024-11-21,2024-11-22,1,-1.7671954655663513,2.2738491682669495,-4.041044633833301,-1.7671954655663513
signal_death,ALAB,2025-08-05,2025-08-20,11,27.23181753756636,0.9269563572029811,26.304861180363382,-11.660814863781576
signal_death,ALAB,2025-08-19,2025-08-20,1,0.8125800359445989,-0.47054992052989525,1.2831299564744942,0.0
signal_death,ALAB,2026-05-29,2026-06-05,5,-7.522242405075286,-3.605400633494481,-3.916841771580805,-12.785390849377364
signal_death,ALAB,2026-06-12,2026-06-16,2,-1.4816839253278147,1.5563308549825718,-3.0380147803103865,-7.063211688012505
signal_death,ALAB,2026-06-29,2026-07-06,4,-5.092552341402257,-5.472238382634802,0.3796860412325458,-15.858551887749995
signal_death,CRDO,2024-06-13,2024-06-14,1,-0.20733024251469168,-0.9815768193928845,0.7742465768781929,-0.20733024251469168
signal_death,CRDO,2024-12-24,2024-12-26,1,1.123273530822022,0.3555450497302055,0.7677284810918166,0.0
signal_death,CRDO,2025-06-17,2025-07-07,12,16.334217064364775,10.46788798394817,5.866329080416606,-7.848507600578369
signal_death,CRDO,2025-07-02,2025-07-07,2,3.7596514569650408,-0.503012183506447,4.262663640471487,-0.9400675650894641
signal_death,CRDO,2025-09-19,2025-09-24,3,-11.901387689515497,-0.0057256268204155985,-11.89566206269508,-11.901387689515497
signal_death,LITE,2025-09-17,2025-09-24,5,-6.483406743798259,2.605142889215459,-9.088549633013718,-10.932944606413997
signal_death,LITE,2025-11-19,2025-11-20,1,-13.267888648294457,-5.124216446052326,-8.143672202242131,-13.267888648294457
signal_death,LITE,2025-12-04,2025-12-09,3,9.906963508945221,1.4854729596485545,8.421490549296667,0.0
signal_death,LITE,2026-02-20,2026-02-23,1,1.042269154638853,-0.7483290712157219,1.7905982258545747,0.0
signal_death,LITE,2026-04-02,2026-04-06,1,-6.60313168337836,0.2855660234015219,-6.888697706779882,-6.60313168337836
signal_death,CIEN,2025-09-18,2025-09-24,4,0.2752860774375865,0.3603327139452979,-0.08504663650771142,-0.7599638593797753
signal_death,CIEN,2025-10-02,2025-10-03,1,-0.7926154099572535,-0.19719539638157316,-0.5954200135756804,-0.7926154099572535
signal_death,GLW,2025-09-19,2025-09-24,3,0.43993666364146033,-0.0057256268204155985,0.44566229046187594,-1.3456691953856237
signal_death,GLW,2026-02-12,2026-03-05,14,2.6551194898079666,-1.1007803027357603,3.7558997925437265,-15.856455258842706
signal_death,GLW,2026-02-27,2026-03-05,4,-10.400323244706955,-3.1586308703072676,-7.241692374399687,-14.64588306260377
signal_death,MU,2024-04-05,2024-04-09,2,-0.7687324756018632,-1.3382605128671687,0.5695280372653057,-0.7687324756018632
signal_death,MU,2026-01-27,2026-02-04,6,-7.517547593667984,-3.6699309992322875,-3.847616594435696,-13.339421288122056
signal_death,MU,2026-05-26,2026-06-09,10,4.465999597569903,-0.6890735426031012,5.155073140173004,-19.967204890665812
signal_death,MU,2026-06-11,2026-06-12,1,-1.4319143425898018,1.8780586258796614,-3.309972968469463,-1.4319143425898018
signal_death,MU,2026-06-26,2026-06-30,2,1.939367657179747,5.417859409893975,-3.478491752714228,0.0
signal_death,STX,2026-05-14,2026-05-18,2,-7.942732555072773,-7.806335998184813,-0.13639655688796049,-7.942732555072773
signal_death,WDC,2025-09-22,2025-10-13,15,5.737916479194705,6.943735959584312,-1.205819480389607,-12.101133985043521
signal_death,WDC,2025-10-06,2025-10-13,5,-5.1245158469308105,2.584148424554001,-7.708664271484812,-7.870362040337819
signal_death,SNDK,2025-09-19,2025-11-20,44,91.72293167903635,-2.6262035837023046,94.34913526273866,-30.78064200316042
signal_death,SNDK,2025-10-03,2025-11-20,34,52.60493818651775,-7.483586311880113,60.08852449839785,-30.78064200316042
signal_death,SNDK,2025-10-17,2025-11-20,24,39.81164497275387,-10.367199041727082,50.17884401448095,-30.78064200316042
signal_death,SNDK,2025-10-31,2025-11-20,14,-1.6906612583306946,-17.816415007631768,16.125753749301072,-30.78064200316042
signal_death,SNDK,2025-11-14,2025-11-20,4,-22.898959753563595,-6.59477127077589,-16.30418848278771,-26.297576683046465
signal_death,SNDK,2026-01-27,2026-02-17,14,22.67412413858503,2.4241694126284843,20.249954725956542,-22.123332943696827
signal_death,SNDK,2026-02-10,2026-02-17,4,9.037370002805867,-0.8597784874847818,9.897148490290649,-6.298680378216758
signal_death,SNDK,2026-02-25,2026-02-27,2,0.47123255728209745,-3.159866170395072,3.6310987276771693,-2.537204853975339
signal_death,NTAP,2026-06-09,2026-06-12,3,-2.0545517604288466,2.7564355997469403,-4.810987360175787,-2.745462561465184
signal_death,PENG,2025-07-22,2025-07-23,1,1.8404860595052197,2.532321428158927,-0.6918353686537072,0.0
signal_death,PENG,2026-04-27,2026-06-15,34,119.86230846575236,30.532308015342867,89.3300004504095,-18.050696741786087
signal_death,PENG,2026-05-11,2026-06-15,24,46.6926908334246,12.100208515329271,34.59248231809533,-18.050696741786087
signal_death,PENG,2026-05-26,2026-06-15,14,16.232935477885068,5.8725402522337244,10.360395225651345,-18.050696741786087
signal_death,PENG,2026-06-09,2026-06-15,4,3.533798595728843,6.695104231234889,-3.1613056355060456,-5.138593353076926
signal_death,SIMO,2026-05-13,2026-05-18,3,-11.1572247753982,-6.283236470412421,-4.8739883049857795,-11.1572247753982
signal_death,SIMO,2026-06-02,2026-06-05,3,-14.130172311153377,-9.883853925893916,-4.24631838525946,-15.614700455506568
signal_death,RMBS,2025-09-25,2025-10-01,4,2.362045655973821,6.762361893607303,-4.400316237633482,-1.0172721589620237
signal_death,NLST,2025-04-02,2025-04-03,1,-5.15464025218294,-11.230173751171334,6.075533498988393,-5.15464025218294
signal_death,NLST,2026-01-23,2026-02-02,6,-8.593751309672404,2.9166680205356044,-11.510419330208007,-8.593751309672404
signal_death,NLST,2026-05-08,2026-05-18,6,-6.622518177048375,-3.8076873321198383,-2.814830844928537,-18.260872629955227
signal_death,SMCI,2024-02-02,2024-02-28,17,40.872621441239886,8.946203882841273,31.92641755839861,-26.87549930169004
signal_death,SMCI,2024-02-16,2024-02-28,7,1.6456687050467655,2.661297430200573,-1.0156287251538079,-16.296951683422055
signal_death,SMCI,2024-03-04,2024-03-18,10,-6.856300095110002,-3.288902045900404,-3.5673980492095976,-15.772638428909946
signal_death,DELL,2024-03-14,2024-03-15,1,0.5166746314468229,0.619195896774281,-0.10252126532745813,0.0
signal_death,DELL,2026-06-11,2026-06-12,1,1.052493648812547,1.8780586258796614,-0.8255649770671145,0.0
signal_death,HPE,2024-06-20,2024-06-24,2,-4.702033169191089,-2.453681378164354,-2.2483517910267348,-4.702033169191089
signal_death,HPE,2026-06-12,2026-06-15,1,1.7645887551855033,3.7673211433757063,-2.002732388190203,0.0
signal_death,CLS,2024-02-13,2024-02-15,2,6.319997151692713,4.004687834377736,2.315309317314977,0.0
signal_death,CLS,2024-11-07,2024-11-21,10,7.160436516160851,2.561269434172904,4.599167081987947,-6.255090521412477
signal_death,NVDA,2024-02-29,2024-03-07,5,17.141937698405307,5.583988861646859,11.557948836758447,0.0
signal_death,NVDA,2024-03-14,2024-03-15,1,-0.12168156589453805,0.619195896774281,-0.740877462668819,-0.12168156589453805
signal_death,AMD,2026-05-11,2026-05-20,7,-2.443388426920945,-4.500139978310483,2.0567515513895387,-9.751742609619729
signal_death,JBL,2025-07-02,2025-07-08,3,-0.01352646051854256,-0.5907014584844108,0.5771749979658682,-1.836200882179162
signal_death,TSSI,2024-03-01,2024-03-11,6,-10.204083866896262,-2.6212084220748517,-7.582875444821411,-10.204083866896262
signal_death,TSSI,2024-04-17,2024-05-07,14,24.63768366329111,6.929973992289515,17.707709671001595,-5.263152941442195
signal_death,TSSI,2024-05-01,2024-05-07,4,6.1728409597230804,5.150544129114192,1.0222968306088882,-4.444440323629384
signal_death,TSSI,2024-05-15,2024-06-10,17,52.34375713043862,7.6654602422027445,44.67829688823588,-30.962347124068536
signal_death,TSSI,2024-05-30,2024-06-10,7,-18.410043427094347,1.9423052714898057,-20.35234869858415,-30.962347124068536
signal_death,TSSI,2024-08-30,2024-09-10,6,1.670144558312403,-6.320731741493408,7.990876299805811,-4.356440766723901
signal_death,TSSI,2025-06-03,2025-07-08,23,76.61822433783098,14.876307768116003,61.74191656971498,-14.437298122328757
signal_death,TSSI,2025-06-17,2025-07-08,13,22.716836381881468,10.354325693433115,12.362510688448351,-14.437298122328757
signal_death,TSSI,2025-07-02,2025-07-08,3,-5.51236575264451,-0.5907014584844108,-4.9216642941601,-7.665743727681185
signal_death,TSSI,2026-03-25,2026-03-26,1,-4.647675250879257,-6.312093219379989,1.664417968500731,-4.647675250879257
signal_death,MOD,2026-02-18,2026-02-19,1,0.4643012515531897,0.466421708502999,-0.0021204569498093143,0.0
signal_death,AAON,2024-11-21,2024-11-22,1,1.3720900547248949,2.2738491682669495,-0.9017591135420548,0.0
signal_death,POWL,2024-02-14,2024-03-06,14,5.958539624827597,7.44477846645149,-1.4862388416238936,-12.545889821494216
signal_death,POWL,2024-02-29,2024-03-06,4,-12.545889821494216,5.022028649400187,-17.5679184708944,-12.545889821494216
signal_death,BE,2024-11-21,2024-12-05,9,8.437754826034105,7.679135028132329,0.7586197979017759,-5.428056965588379
signal_death,BE,2024-12-06,2024-12-09,1,-1.8463810982595197,-3.0905769024735887,1.244195804214069,-1.8463810982595197
signal_death,BE,2025-08-07,2025-09-08,21,45.21739058323302,9.482706909920449,35.734683673312574,-7.311831238449262
signal_death,BE,2025-08-21,2025-09-08,11,19.205880981450175,9.408358913558077,9.797522067892098,-6.360611683066897
signal_death,BE,2025-09-05,2025-09-08,1,-6.360611683066897,0.9756530091857488,-7.336264692252646,-6.360611683066897
signal_death,BE,2025-09-19,2025-09-25,4,-19.121626993306208,-1.9420487997677631,-17.179578193538443,-20.37787746114753
signal_death,BE,2025-10-07,2025-10-27,14,26.10969307244575,9.477481474469815,16.632211597975935,-19.051294163349663
signal_death,BE,2025-10-21,2025-10-27,4,3.9758590104226332,6.011786272963658,-2.035927262541025,-9.589954752090357
signal_death,BE,2025-11-04,2025-11-12,6,-1.805503119686247,-1.2831241001120237,-0.5223790195742232,-10.388234255694606
signal_death,ATKR,2026-05-05,2026-05-06,1,-0.20945034310392296,5.441200985301048,-5.650651328404971,-0.20945034310392296
signal_death,GNRC,2025-08-13,2025-08-14,1,-1.9127457560107253,-0.31663428259416465,-1.5961114734165605,-1.9127457560107253
signal_death,CRWV,2025-10-03,2025-10-06,1,-0.6973716369447214,1.3226172667930192,-2.0199889037377403,-0.6973716369447214
signal_death,NBIS,2025-09-23,2025-10-16,17,14.137288898268752,9.881011102167024,4.2562777961017275,-9.168762131080266
signal_death,NBIS,2025-10-07,2025-10-16,7,4.536961857045241,4.81192579652521,-0.2749639394799691,-9.168762131080266
signal_death,NBIS,2026-05-28,2026-05-29,1,2.098612740502559,2.2446340334602315,-0.1460212929576727,0.0
signal_death,IREN,2023-12-13,2023-12-19,4,-1.2089839744830355,6.7373801592603435,-7.946364133743379,-4.8252982969376745
signal_death,IREN,2023-12-28,2024-01-08,6,-24.82435474272625,-3.6228300635998476,-21.201524679126404,-27.517563409012713
signal_death,IREN,2024-06-10,2024-06-26,11,19.010668849418355,4.404956751606734,14.60571209781162,-15.086500901568733
signal_death,IREN,2024-06-25,2024-06-26,1,-5.54271998491741,-1.233773079445479,-4.308946905471931,-5.54271998491741
signal_death,IREN,2025-07-01,2025-07-18,12,17.793835018220626,6.4693415492874715,11.324493468933156,-4.697599014405918
signal_death,IREN,2025-07-16,2025-07-18,2,3.6395210141673795,2.133117104115933,1.5064039100514464,-0.6094111227277987
signal_death,IREN,2025-09-15,2025-10-20,25,59.45073288614206,14.719898751774133,44.73083413436794,-14.864860121912372
signal_death,IREN,2025-09-29,2025-10-20,15,28.935338182503155,10.239464264406491,18.695873918096666,-14.864860121912372
signal_death,IREN,2025-10-13,2025-10-20,5,-7.670717517561054,0.6601018423605826,-8.330819359921637,-14.864860121912372
signal_death,APLD,2024-07-01,2024-07-09,5,-15.84615707397461,2.6788165083552276,-18.52497358232984,-23.389357248208775
signal_death,APLD,2024-09-20,2024-09-23,1,11.295678247393726,1.472109388443611,9.823568858950114,0.0
signal_death,APLD,2024-10-04,2024-10-07,1,-4.697985417359252,0.031026254154930273,-4.729011671514182,-4.697985417359252
signal_death,APLD,2025-06-09,2025-06-18,7,-18.509990140970935,0.5834849614629761,-19.09347510243391,-18.509990140970935
signal_death,WULF,2023-12-19,2024-01-05,11,-2.525256113329255,-0.4411877761319584,-2.0840683371972966,-36.0927165649914
signal_death,WULF,2024-01-04,2024-01-05,1,-11.87215081640398,0.08414731333269944,-11.95629812973668,-11.87215081640398
signal_death,WULF,2024-06-24,2024-07-10,11,15.63981888774677,6.14523622661688,9.494582661129892,-12.544799620717907
signal_death,WULF,2024-07-09,2024-07-10,1,-2.9821091274496614,1.9236366286381177,-4.905745756087779,-2.9821091274496614
signal_death,WULF,2024-11-07,2024-11-13,4,-10.475032028239905,-0.8523956765527484,-9.622636351687158,-16.666664864560943
signal_death,WULF,2025-08-28,2025-08-29,1,0.1059346326944377,-2.683429384143315,2.789364016837753,0.0
signal_death,CIFR,2024-01-04,2024-01-05,1,-6.682576791550588,0.08414731333269944,-6.766724104883287,-6.682576791550588
signal_death,CIFR,2025-06-27,2025-07-18,14,49.29576976064567,6.429044166316503,42.86672559432917,-6.230037205484507
signal_death,CIFR,2025-07-14,2025-07-18,4,5.4726353602654765,3.419483379225362,2.0531519810401146,-0.9950317998182356
signal_death,CIFR,2025-09-23,2025-09-26,3,-18.939925256194666,-3.043578216891814,-15.896347039302855,-18.939925256194666
signal_death,CIFR,2025-10-07,2025-10-22,11,2.2857181609623023,-0.4327196605507528,2.718437821513055,-23.395149384936776
signal_death,CIFR,2025-10-21,2025-10-22,1,-10.871369679922116,-3.5073772065666073,-7.363992473355509,-10.871369679922116
signal_death,CORZ,2024-06-11,2024-06-27,11,9.644088965659737,4.605471078169302,5.038617887490434,-15.488871183802488
signal_death,CORZ,2024-06-26,2024-06-27,1,-4.020096745708535,0.6946586855925894,-4.714755431301124,-4.020096745708535
signal_death,HUT,2024-06-28,2024-07-10,7,1.667778544477927,5.069267704921233,-3.4014891604433064,-12.814644335119851
signal_death,HUT,2024-07-15,2024-07-25,8,-26.050000190734867,-10.816132484110458,-15.23386770662441,-29.33588272239247
signal_death,HUT,2024-11-08,2024-11-25,11,28.87414322693993,4.017319145224082,24.856824081715846,-7.266983312657837
signal_death,HUT,2024-11-22,2024-11-25,1,-2.6234579597771646,0.5115701062299953,-3.1350280660071594,-2.6234579597771646
signal_death,BTDR,2023-12-12,2024-01-03,14,34.78992798075726,8.329732865369674,26.460195115387585,-41.33137956837552
signal_death,BTDR,2023-12-27,2024-01-03,4,-41.33137956837552,-6.26531841638633,-35.06606115198919,-41.33137956837552
signal_death,BTDR,2024-07-02,2024-07-16,9,-3.7036982275374997,9.043255599576987,-12.746953827114488,-18.11594191770236
signal_death,BTDR,2024-11-20,2024-11-26,4,-6.139617113809437,4.17139749618442,-10.311014609993856,-9.489051772372402
signal_death,BTDR,2024-12-05,2024-12-19,10,6.831565834420128,-7.3487426135509475,14.180308447971074,-21.60760644720122
signal_death,BTDR,2024-12-24,2024-12-30,3,-5.390486329386002,-3.859031627331107,-1.531454702054895,-8.871619992507851
signal_death,BTDR,2025-10-20,2025-10-23,3,-15.056708750172687,-0.8822440741143885,-14.1744646760583,-16.229955682675666
signal_death,BTDR,2026-06-09,2026-06-10,1,-7.524408256310844,-4.689658147008124,-2.8347501093027203,-7.524408256310844
trailing_10,AVGO,2023-12-26,2024-03-13,53,11.1300619036675,18.73115206302865,-7.601090159361151,-10.599783522847305
trailing_10,AVGO,2025-01-06,2025-01-27,13,-14.500240975070177,-10.966604533953808,-3.533636441116371,-17.39681562925608
trailing_10,MRVL,2024-12-24,2025-01-27,20,-13.427388548252184,-8.06057351697641,-5.366815031275774,-20.41090992223571
trailing_10,MRVL,2026-04-16,2026-06-05,35,97.54819543210527,30.41251245427733,67.13568297782794,-16.736716301919476
trailing_10,MRVL,2026-04-30,2026-06-05,25,59.53376342034975,18.937922307901854,40.59584111244789,-16.736716301919476
trailing_10,MRVL,2026-06-09,2026-06-23,9,4.556359414372713,5.68162314971682,-1.1252637353441077,-10.155185843143322
trailing_10,MRVL,2026-06-25,2026-07-02,5,-12.788886109318865,-10.7205738887274,-2.0683122205914644,-17.657527750190294
trailing_10,ALAB,2024-11-21,2025-01-08,31,25.595467559429874,2.8661232597480457,22.729344299681827,-10.314788792235586
trailing_10,ALAB,2025-08-05,2025-08-19,10,26.206290417527267,1.3659180378894518,24.840372379637817,-11.660814863781576
trailing_10,ALAB,2025-08-19,2025-09-24,25,19.998835029884244,26.098452635403845,-6.099617605519603,-18.504843459899455
trailing_10,ALAB,2026-05-29,2026-06-05,5,-7.522242405075286,-3.605400633494481,-3.916841771580805,-12.785390849377364
trailing_10,ALAB,2026-06-12,2026-06-26,9,6.697534181308917,-1.1335475953063219,7.83108177661524,-10.899334264792982
trailing_10,ALAB,2026-06-29,2026-07-01,2,-5.50487028991633,-2.8566229979908866,-2.648247291925444,-10.798725694276179
trailing_10,CRDO,2024-06-13,2024-07-18,23,2.176914820803799,1.603134824354645,0.573779996449154,-12.592379265909305
trailing_10,CRDO,2024-12-24,2025-01-27,20,-21.93204504192203,-8.06057351697641,-13.871471524945623,-34.97076201857182
trailing_10,CRDO,2025-06-17,2025-08-19,43,33.35842964833859,22.87445921521129,10.483970433127308,-15.217733784995769
trailing_10,CRDO,2025-07-02,2025-08-19,33,18.943716890311137,10.942018354228395,8.00169853608274,-15.217733784995769
trailing_10,CRDO,2025-09-19,2025-09-25,4,-14.519931276054498,-1.9420487997677631,-12.577882476286737,-14.519931276054498
trailing_10,LITE,2025-09-17,2025-09-24,5,-6.483406743798259,2.605142889215459,-9.088549633013718,-10.932944606413997
trailing_10,LITE,2025-11-19,2025-12-12,16,20.61207418862363,5.27402887284875,15.33804531577488,-13.267888648294457
trailing_10,LITE,2025-12-04,2025-12-12,6,-1.0675613649050564,-3.4256503866272854,2.358089021722229,-12.830226747354656
trailing_10,LITE,2026-02-20,2026-03-03,7,3.992388451827411,-4.268618393316789,8.2610068451442,-11.339930714869928
trailing_10,LITE,2026-04-02,2026-04-28,17,-4.294457425011455,24.068206757546843,-28.362664182558294,-11.805415593098411
trailing_10,CIEN,2025-09-18,2025-11-18,43,35.46798688433839,2.9608440428729685,32.507142841465416,-10.748379063211456
trailing_10,CIEN,2025-10-02,2025-11-18,33,22.49442913279185,-3.0881968302943203,25.58262596308617,-10.748379063211456
trailing_10,GLW,2025-09-19,2025-11-18,42,1.0474153745148485,2.5284403406363,-1.4810249661214514,-10.96099545101482
trailing_10,GLW,2026-02-12,2026-03-05,14,2.6551194898079666,-1.1007803027357603,3.7558997925437265,-15.856455258842706
trailing_10,GLW,2026-02-27,2026-03-05,4,-10.400323244706955,-3.1586308703072676,-7.241692374399687,-14.64588306260377
trailing_10,MU,2024-04-05,2024-04-18,9,-9.427095581317868,-7.380386375113559,-2.0467092062043086,-12.218651726669794
trailing_10,MU,2026-01-27,2026-02-04,6,-7.517547593667984,-3.6699309992322875,-3.847616594435696,-13.339421288122056
trailing_10,MU,2026-05-26,2026-06-05,8,-3.5573974942901043,-1.1646179040675144,-2.39277959022259,-19.967204890665812
trailing_10,MU,2026-06-11,2026-06-23,7,5.613183909965924,4.821156524341333,0.7920273856245906,-13.175881433958681
trailing_10,MU,2026-06-26,2026-07-01,3,-8.835757277844557,-0.5150701316964201,-8.320687146148138,-10.570131228654322
trailing_10,STX,2026-05-14,2026-06-09,17,5.125755998139914,3.3596952805891043,1.7660607175508096,-10.06495302599446
trailing_10,WDC,2025-09-22,2025-10-10,14,2.6776943569575273,2.134128468224001,0.5435658887335264,-12.101133985043521
trailing_10,WDC,2025-10-06,2025-11-18,31,22.01470377361725,-3.8144335077265126,25.829137281343762,-12.260353634391485
trailing_10,SNDK,2025-09-19,2025-09-25,4,-7.748750846186525,-1.9420487997677631,-5.806702046418762,-11.381579357784254
trailing_10,SNDK,2025-10-03,2025-10-10,5,-8.955688553876563,-0.6014504251841077,-8.354238128692455,-11.351228894786091
trailing_10,SNDK,2025-10-17,2025-11-13,19,73.77996643850335,-3.3898437612875156,77.16981019979087,-13.96326313212537
trailing_10,SNDK,2025-10-31,2025-11-13,9,22.194353628040588,-11.564192533221737,33.75854616126232,-13.96326313212537
trailing_10,SNDK,2025-11-14,2025-11-20,4,-22.898959753563595,-6.59477127077589,-16.30418848278771,-26.297576683046465
trailing_10,SNDK,2026-01-27,2026-02-04,6,21.419520321957506,-3.6699309992322875,25.08945132118979,-15.953763485021287
trailing_10,SNDK,2026-02-10,2026-03-03,14,4.388515961384809,-3.8122254542841536,8.200741415668963,-15.166021781407157
trailing_10,SNDK,2026-02-25,2026-03-03,4,-10.590156428284224,-7.252632595763014,-3.337523832521211,-13.267379664124078
trailing_10,NTAP,2026-06-09,2026-08-25,53,13.938941053625765,-9.37059619812158,23.309537251747344,-9.76434278632059
trailing_10,PENG,2025-07-22,2025-10-08,55,-7.259719715712231,49.1798948109849,-56.43961452669713,-22.610922090469778
trailing_10,PENG,2026-04-27,2026-06-05,28,106.0585273062078,21.353940267908627,84.70458703829917,-16.174208737488584
trailing_10,PENG,2026-05-11,2026-06-05,18,37.48277297119702,4.547269597409296,32.935503373787725,-16.174208737488584
trailing_10,PENG,2026-05-26,2026-06-05,8,8.935395412630488,-1.1646179040675144,10.100013316698,-16.174208737488584
trailing_10,PENG,2026-06-09,2026-07-02,16,-0.3566176218240513,-4.986085379091074,4.629467757267023,-19.129062632399
trailing_10,SIMO,2026-05-13,2026-06-05,16,-4.139023207927684,4.488396452368131,-8.627419660295816,-15.614700455506568
trailing_10,SIMO,2026-06-02,2026-06-05,3,-14.130172311153377,-9.883853925893916,-4.24631838525946,-15.614700455506568
trailing_10,RMBS,2025-09-25,2025-10-10,11,-11.105599646848995,6.910199033497393,-18.01579868034639,-14.040304877057652
trailing_10,NLST,2025-04-02,2025-04-21,12,-11.340207325840767,-14.81628691520935,3.476079589368583,-14.432993935073956
trailing_10,NLST,2026-01-23,2026-02-03,7,-15.624994761310395,3.2037364632992413,-18.828731224609637,-15.624994761310395
trailing_10,NLST,2026-05-08,2026-05-12,2,0.0,0.5136527081235375,-0.5136527081235375,-12.463769878667064
trailing_10,SMCI,2024-02-02,2024-02-16,10,38.59185859657342,6.492363680450147,32.09949491612327,-19.98804829528249
trailing_10,SMCI,2024-02-16,2024-02-23,4,7.056961941162898,-0.07542181611336929,7.132383757276267,-11.840866687689111
trailing_10,SMCI,2024-03-04,2024-03-15,9,-0.5128682565582632,-3.5374845173958445,3.0246162608375817,-10.036442340362562
trailing_10,DELL,2024-03-14,2024-04-12,20,10.624706532159545,1.024969449435817,9.599737082723728,-11.271847845259941
trailing_10,DELL,2026-06-11,2026-07-16,23,-0.017882420042736324,-12.939374155706929,12.921491735664192,-14.459935260283363
trailing_10,HPE,2024-06-20,2024-07-30,27,-11.499055902987443,-6.673247279085448,-4.825808623901995,-11.499055902987443
trailing_10,HPE,2026-06-12,2026-06-26,9,-8.993387865381575,-1.1335475953063219,-7.859840270075252,-10.6500394102222
trailing_10,CLS,2024-02-13,2024-04-15,42,18.266662597656257,5.9146038343695775,12.35205876328668,-10.277163260552847
trailing_10,CLS,2024-11-07,2025-01-27,52,2.3789976980383543,-3.009714185846394,5.388711883884748,-29.131173043424173
trailing_10,NVDA,2024-02-29,2024-04-09,27,7.895104720127222,5.745006577210346,2.150098142916876,-10.155583926426658
trailing_10,NVDA,2024-03-14,2024-04-09,17,-2.9450814819810156,5.240852205655075,-8.18593368763609,-10.155583926426658
trailing_10,AMD,2026-05-11,2026-06-05,18,1.6543508351375635,4.547269597409296,-2.8929187622717323,-14.034507835162335
trailing_10,JBL,2025-07-02,2025-08-19,33,-7.081956094238661,10.942018354228395,-18.023974448467055,-10.506178905374863
trailing_10,TSSI,2024-03-01,2024-03-11,6,-10.204083866896262,-2.6212084220748517,-7.582875444821411,-10.204083866896262
trailing_10,TSSI,2024-04-17,2024-05-21,24,92.75363007405058,17.085216464714946,75.66841360933563,-10.135133393582352
trailing_10,TSSI,2024-05-01,2024-05-21,14,64.1975356790827,14.79006463809958,49.40747104098313,-10.135133393582352
trailing_10,TSSI,2024-05-15,2024-05-21,4,3.9062556752470723,2.420565625690609,1.4856900495564633,-10.135133393582352
trailing_10,TSSI,2024-05-30,2024-06-03,2,-30.962347124068536,-2.6158430802511203,-28.346504043817415,-30.962347124068536
trailing_10,TSSI,2024-08-30,2024-10-03,23,31.524013380110503,8.108393796209285,23.415619583901222,-11.888110395736817
trailing_10,TSSI,2025-06-03,2025-06-13,8,21.466307613123938,1.5565043960951213,19.909803217028816,-11.629025172511486
trailing_10,TSSI,2025-06-17,2025-07-01,9,22.120236311644813,8.298121239222608,13.822115072422205,-14.437298122328757
trailing_10,TSSI,2025-07-02,2025-07-09,4,-13.10953775438336,0.8457014298695628,-13.955239184252925,-15.08977579432248
trailing_10,TSSI,2026-03-25,2026-04-10,11,-6.896552217171226,8.954623614138978,-15.851175831310204,-12.293855506475404
trailing_10,MOD,2026-02-18,2026-03-03,9,-2.3950680293820636,-3.54341871048883,1.1483506811067663,-10.976936132403036
trailing_10,AAON,2024-11-21,2024-12-18,18,-9.529260938460393,1.140475935555,-10.669736874015392,-12.679149810195788
trailing_10,POWL,2024-02-14,2024-03-05,13,8.679447628486447,5.538797035087923,3.1406505933985236,-10.300156828381102
trailing_10,POWL,2024-02-29,2024-03-05,3,-10.300156828381102,2.843850126876478,-13.14400695525758,-10.300156828381102
trailing_10,BE,2024-11-21,2024-12-10,12,-1.9632464921397585,3.8355752250829136,-5.798821717222672,-14.499094131022405
trailing_10,BE,2024-12-06,2024-12-10,2,-13.330873783316887,-5.661526332364321,-7.669347450952565,-13.330873783316887
trailing_10,BE,2025-08-07,2025-09-23,32,110.27173602626088,28.73487386602817,81.5368621602327,-10.304856538281705
trailing_10,BE,2025-08-21,2025-09-23,22,72.60761564327044,27.99478954465517,44.61282609861526,-10.304856538281705
trailing_10,BE,2025-09-05,2025-09-23,12,35.58787045242564,17.647297794645844,17.940572657779796,-10.304856538281705
trailing_10,BE,2025-09-19,2025-09-23,2,-8.889677410371688,1.0233795413939775,-9.913056951765666,-10.304856538281705
trailing_10,BE,2025-10-07,2025-10-21,10,21.28747410473848,3.2970003938807517,17.990473710857728,-10.464920557572743
trailing_10,BE,2025-10-21,2025-11-11,15,21.73788373103569,4.1718356701675665,17.566048060868123,-10.746643216338924
trailing_10,BE,2025-11-04,2025-11-11,5,-1.534291600240778,-0.9336734599041921,-0.6006181403365859,-10.140728092723716
trailing_10,ATKR,2026-05-05,2026-06-10,25,0.08984065666231,6.666556034694851,-6.576715378032541,-10.876947267955527
trailing_10,GNRC,2025-08-13,2025-09-03,14,-13.660343051568159,1.2812523532744657,-14.941595404842623,-13.660343051568159
trailing_10,CRWV,2025-10-03,2025-10-20,11,-5.734843914659004,4.706784004726722,-10.441627919385727,-11.196536250661337
trailing_10,NBIS,2025-09-23,2025-10-17,18,5.231910231895376,8.243671226888424,-3.0117609949930486,-16.255723594473093
trailing_10,NBIS,2025-10-07,2025-10-17,8,-3.619366709677352,3.331453138580702,-6.950819848258054,-16.255723594473093
trailing_10,NBIS,2026-05-28,2026-06-05,6,0.6494659558572424,-1.5135901498014965,2.163056105658739,-13.874715833835594
trailing_10,IREN,2023-12-13,2023-12-28,10,47.49568252362979,14.499298908859634,32.99638361477015,-10.669460386954333
trailing_10,IREN,2023-12-28,2024-01-05,5,-27.517563409012713,-5.804750066325305,-21.712813342687408,-27.517563409012713
trailing_10,IREN,2024-06-10,2024-06-24,9,22.502420954416124,3.6957951625618666,18.80662579185426,-12.595153763650991
trailing_10,IREN,2024-06-25,2024-07-09,9,-1.3086996096175585,2.4386475560087058,-3.7473471656262642,-14.703925997409783
trailing_10,IREN,2025-07-01,2025-07-28,18,8.864086815799709,10.99318920058506,-2.1291023847853503,-12.690889291517903
trailing_10,IREN,2025-07-16,2025-07-28,8,-4.217212967987727,6.433325164977948,-10.650538132965675,-12.690889291517903
trailing_10,IREN,2025-09-15,2025-09-26,9,12.708673393297554,1.0689534481581084,11.639719945139445,-11.200676384515019
trailing_10,IREN,2025-09-29,2025-10-16,13,34.617899891646985,10.73524665543826,23.882653236208725,-11.112702701042664
trailing_10,IREN,2025-10-13,2025-10-16,3,-3.6014929538127793,1.0788765083392649,-4.6803694621520435,-11.112702701042664
trailing_10,APLD,2024-07-01,2024-07-09,5,-15.84615707397461,2.6788165083552276,-18.52497358232984,-23.389357248208775
trailing_10,APLD,2024-09-20,2024-10-07,11,17.94019812504777,5.669754460341025,12.270443664706743,-13.939395095362805
trailing_10,APLD,2024-10-04,2024-10-10,4,-7.516777947874598,1.6421623162641512,-9.15894026413875,-12.229299997576327
trailing_10,APLD,2025-06-09,2025-06-13,4,-14.132105129771489,-3.030243249590298,-11.101861880181191,-14.132105129771489
trailing_10,WULF,2023-12-19,2023-12-29,7,21.212124861012803,3.0659626951081584,18.146162165904645,-20.529797664729475
trailing_10,WULF,2024-01-04,2024-01-12,6,-22.374429074611513,1.0601086092576577,-23.43453768386917,-22.374429074611513
trailing_10,WULF,2024-06-24,2024-07-10,11,15.63981888774677,6.14523622661688,9.494582661129892,-12.544799620717907
trailing_10,WULF,2024-07-09,2024-07-18,7,6.361822693371444,-0.4957220255057725,6.857544718877216,-16.14420362590556
trailing_10,WULF,2024-11-07,2024-11-13,4,-10.475032028239905,-0.8523956765527484,-9.622636351687158,-16.666664864560943
trailing_10,WULF,2025-08-28,2025-10-16,34,46.82203678778634,31.100508791093123,15.721527996693213,-10.407243584752578
trailing_10,CIFR,2024-01-04,2024-01-11,5,-16.229118316726165,2.399072036339071,-18.628190353065236,-16.229118316726165
trailing_10,CIFR,2025-06-27,2025-07-28,20,44.600927616123265,10.848930980566026,33.751996635557234,-11.23919601408112
trailing_10,CIFR,2025-07-14,2025-07-28,10,2.1558811456142912,7.760289832484875,-5.604408686870584,-11.23919601408112
trailing_10,CIFR,2025-09-23,2025-09-25,2,-17.59717200173886,-2.914156099392248,-14.683015902346611,-17.59717200173886
trailing_10,CIFR,2025-10-07,2025-10-16,7,18.857138497488847,4.81192579652521,14.045212700963635,-10.9843143027471
trailing_10,CIFR,2025-10-21,2025-11-06,12,20.11063993416984,6.015580878301248,14.095059055868592,-12.140834120407352
trailing_10,CORZ,2024-06-11,2024-06-18,5,2.2962090515407763,7.0014341570433345,-4.705225105502558,-13.746370636801487
trailing_10,CORZ,2024-06-26,2024-07-18,15,2.110553187663644,3.0736362751509705,-0.9630830874873264,-13.162393050925637
trailing_10,HUT,2024-06-28,2024-07-10,7,1.667778544477927,5.069267704921233,-3.4014891604433064,-12.814644335119851
trailing_10,HUT,2024-07-15,2024-07-18,3,-9.350004196166994,-5.82007721296611,-3.5299269832008844,-13.377931694137468
trailing_10,HUT,2024-11-08,2024-12-03,16,27.9550709083791,6.531200351486373,21.423870556892727,-11.915645715598977
trailing_10,HUT,2024-11-22,2024-12-03,6,-3.3179035795532497,3.030623274376831,-6.348526853930081,-11.915645715598977
trailing_10,BTDR,2023-12-12,2023-12-29,12,65.71428525633884,12.6369381889704,53.07734706736844,-27.871253828475638
trailing_10,BTDR,2023-12-27,2023-12-29,2,-27.871253828475638,-2.9391201324278704,-24.93213369604777,-27.871253828475638
trailing_10,BTDR,2024-07-02,2024-07-10,5,-6.029283634496463,3.3918924498340672,-9.42117608433053,-12.157811752062496
trailing_10,BTDR,2024-11-20,2024-12-10,13,58.9570990142505,6.207025579142669,52.750073435107836,-10.042839540053915
trailing_10,BTDR,2024-12-05,2024-12-10,3,11.307421248852844,-3.694259522770546,15.001680771623391,-10.042839540053915
trailing_10,BTDR,2024-12-24,2024-12-31,4,-8.022068898518286,-4.3624359598067075,-3.659632938711579,-11.40637413167287
trailing_10,BTDR,2025-10-20,2025-11-04,11,-16.542822028631264,3.8868878614919957,-20.42970989012326,-16.542822028631264
trailing_10,BTDR,2026-06-09,2026-06-25,11,-5.858704576124907,6.63083866294939,-12.489543239074298,-10.534936339114932
trailing_15,AVGO,2023-12-26,2024-05-06,90,16.25603951296748,22.244982606821317,-5.9889430938538375,-14.013367085721972
trailing_15,AVGO,2025-01-06,2025-01-27,13,-14.500240975070177,-10.966604533953808,-3.533636441116371,-17.39681562925608
trailing_15,MRVL,2024-12-24,2025-01-27,20,-13.427388548252184,-8.06057351697641,-5.366815031275774,-20.41090992223571
trailing_15,MRVL,2026-04-16,2026-06-05,35,97.54819543210527,30.41251245427733,67.13568297782794,-16.736716301919476
trailing_15,MRVL,2026-04-30,2026-06-05,25,59.53376342034975,18.937922307901854,40.59584111244789,-16.736716301919476
trailing_15,MRVL,2026-06-09,2026-07-02,16,-8.08978233590496,-4.986085379091074,-3.103696956813886,-21.02195914817081
trailing_15,MRVL,2026-06-25,2026-07-02,5,-12.788886109318865,-10.7205738887274,-2.0683122205914644,-17.657527750190294
trailing_15,ALAB,2024-11-21,2025-01-22,39,18.084895990149484,13.815088786124722,4.269807204024764,-15.677937722456425
trailing_15,ALAB,2025-08-05,2025-09-24,35,51.446078235465166,28.82214991814913,22.623928317316032,-18.504843459899455
trailing_15,ALAB,2025-08-19,2025-09-24,25,19.998835029884244,26.098452635403845,-6.099617605519603,-18.504843459899455
trailing_15,ALAB,2026-05-29,2026-07-02,23,18.54163809028058,-7.979397717207928,26.521035807488502,-15.858551887749995
trailing_15,ALAB,2026-06-12,2026-07-02,13,10.695906355461338,-7.471798021643175,18.167704377104513,-15.858551887749995
trailing_15,ALAB,2026-06-29,2026-07-02,3,-10.864983541483486,-8.603253229928114,-2.2617303115553726,-15.858551887749995
trailing_15,CRDO,2024-06-13,2024-07-25,28,-1.485833784521673,-4.162147306919825,2.6763135223981522,-15.72569114462562
trailing_15,CRDO,2024-12-24,2025-01-27,20,-21.93204504192203,-8.06057351697641,-13.871471524945623,-34.97076201857182
trailing_15,CRDO,2025-06-17,2025-08-19,43,33.35842964833859,22.87445921521129,10.483970433127308,-15.217733784995769
trailing_15,CRDO,2025-07-02,2025-08-19,33,18.943716890311137,10.942018354228395,8.00169853608274,-15.217733784995769
trailing_15,CRDO,2025-09-19,2025-10-07,12,-19.084690420079255,5.7827225208714506,-24.867412940950704,-19.084690420079255
trailing_15,LITE,2025-09-17,2025-12-16,63,93.55332495691124,8.23995440727339,85.31337054963785,-15.033997955324708
trailing_15,LITE,2025-11-19,2025-12-16,18,17.562835828669886,2.1538360488589503,15.408999779810935,-15.033997955324708
trailing_15,LITE,2025-12-04,2025-12-16,8,-3.568708857469738,-6.142884240742717,2.5741753832729795,-15.033997955324708
trailing_15,LITE,2026-02-20,2026-03-05,9,-2.5383008687526187,-3.292064196565635,0.7537633278130167,-16.90775520916454
trailing_15,LITE,2026-04-02,2026-05-18,31,7.026409544655943,40.8498333032547,-33.82342375859875,-15.963497023790552
trailing_15,CIEN,2025-09-18,2025-11-20,45,27.825272044524183,-2.2416054828466545,30.06687752737084,-15.78369924105878
trailing_15,CIEN,2025-10-02,2025-11-20,35,15.583645169292982,-7.767291906336535,23.350937075629517,-15.78369924105878
trailing_15,GLW,2025-09-19,2026-01-29,90,29.903682391333742,32.4784273034263,-2.574744912092558,-13.283657768623659
trailing_15,GLW,2026-02-12,2026-03-05,14,2.6551194898079666,-1.1007803027357603,3.7558997925437265,-15.856455258842706
trailing_15,GLW,2026-02-27,2026-03-06,5,-18.014368170314842,-7.565247751961644,-10.449120418353198,-21.899146740349483
trailing_15,MU,2024-04-05,2024-04-19,10,-13.602520690401754,-9.040869267760632,-4.561651422641122,-16.265385659319286
trailing_15,MU,2026-01-27,2026-03-06,27,-9.735763209513514,-4.531590355962726,-5.204172853550788,-15.417997752901613
trailing_15,MU,2026-05-26,2026-06-05,8,-3.5573974942901043,-1.1646179040675144,-2.39277959022259,-19.967204890665812
trailing_15,MU,2026-06-11,2026-07-02,14,-2.039423617698488,-5.785124731233162,3.745701113534673,-19.611723594322108
trailing_15,MU,2026-06-26,2026-07-02,4,-13.844905360553273,-6.414020400518733,-7.43088496003454,-15.483981684892578
trailing_15,STX,2026-05-14,2026-06-26,29,11.901894633590548,4.912978522375949,6.988916111214599,-17.686587412446862
trailing_15,WDC,2025-09-22,2025-11-20,43,24.74868447876293,-4.87177974460588,29.62046422336881,-19.509812168845496
trailing_15,WDC,2025-10-06,2025-11-20,33,11.933280241150811,-8.441801938066886,20.375082179217696,-19.509812168845496
trailing_15,SNDK,2025-09-19,2025-11-20,44,91.72293167903635,-2.6262035837023046,94.34913526273866,-30.78064200316042
trailing_15,SNDK,2025-10-03,2025-11-20,34,52.60493818651775,-7.483586311880113,60.08852449839785,-30.78064200316042
trailing_15,SNDK,2025-10-17,2025-11-20,24,39.81164497275387,-10.367199041727082,50.17884401448095,-30.78064200316042
trailing_15,SNDK,2025-10-31,2025-11-20,14,-1.6906612583306946,-17.816415007631768,16.125753749301072,-30.78064200316042
trailing_15,SNDK,2025-11-14,2025-11-20,4,-22.898959753563595,-6.59477127077589,-16.30418848278771,-26.297576683046465
trailing_15,SNDK,2026-01-27,2026-02-04,6,21.419520321957506,-3.6699309992322875,25.08945132118979,-15.953763485021287
trailing_15,SNDK,2026-02-10,2026-03-03,14,4.388515961384809,-3.8122254542841536,8.200741415668963,-15.166021781407157
trailing_15,SNDK,2026-02-25,2026-03-06,7,-16.611845248401835,-10.467937603210547,-6.1439076451912875,-19.108759420002187
trailing_15,NTAP,2026-06-09,2026-08-25,53,13.938941053625765,-9.37059619812158,23.309537251747344,-9.76434278632059
trailing_15,PENG,2025-07-22,2025-10-08,55,-7.259719715712231,49.1798948109849,-56.43961452669713,-22.610922090469778
trailing_15,PENG,2026-04-27,2026-06-05,28,106.0585273062078,21.353940267908627,84.70458703829917,-16.174208737488584
trailing_15,PENG,2026-05-11,2026-06-05,18,37.48277297119702,4.547269597409296,32.935503373787725,-16.174208737488584
trailing_15,PENG,2026-05-26,2026-06-05,8,8.935395412630488,-1.1646179040675144,10.100013316698,-16.174208737488584
trailing_15,PENG,2026-06-09,2026-07-02,16,-0.3566176218240513,-4.986085379091074,4.629467757267023,-19.129062632399
trailing_15,SIMO,2026-05-13,2026-06-05,16,-4.139023207927684,4.488396452368131,-8.627419660295816,-15.614700455506568
trailing_15,SIMO,2026-06-02,2026-06-05,3,-14.130172311153377,-9.883853925893916,-4.24631838525946,-15.614700455506568
trailing_15,RMBS,2025-09-25,2025-11-13,35,-8.32671616888705,7.576172137994858,-15.902888306881907,-18.695535383910777
trailing_15,NLST,2025-04-02,2025-05-08,25,-14.432993935073956,6.196433385866665,-20.62942732094062,-15.306125800344395
trailing_15,NLST,2026-01-23,2026-02-05,9,-22.656247526174354,-3.093872425264912,-19.562375100909442,-22.656247526174354
trailing_15,NLST,2026-05-08,2026-05-15,5,-2.9801296270770217,0.32345922008078853,-3.30358884715781,-15.07246300693923
trailing_15,SMCI,2024-02-02,2024-02-16,10,38.59185859657342,6.492363680450147,32.09949491612327,-19.98804829528249
trailing_15,SMCI,2024-02-16,2024-02-28,7,1.6456687050467655,2.661297430200573,-1.0156287251538079,-16.296951683422055
trailing_15,SMCI,2024-03-04,2024-03-18,10,-6.856300095110002,-3.288902045900404,-3.5673980492095976,-15.772638428909946
trailing_15,DELL,2024-03-14,2024-05-31,54,31.61366049012173,18.409629742919208,13.204030747202525,-22.124893099338173
trailing_15,DELL,2026-06-11,2026-07-20,25,-2.444761087354219,-12.826243464722149,10.381482377367929,-16.536260140592518
trailing_15,HPE,2024-06-20,2024-08-02,30,-16.06144984307961,-11.59956446748035,-4.461885375599262,-16.06144984307961
trailing_15,HPE,2026-06-12,2026-07-02,13,-14.156882744394462,-7.471798021643175,-6.685084722751286,-15.719539890724354
trailing_15,CLS,2024-02-13,2024-04-19,46,8.6133321126302,3.71235180089126,4.900980311738941,-17.600648814943433
trailing_15,CLS,2024-11-07,2025-01-27,52,2.3789976980383543,-3.009714185846394,5.388711883884748,-29.131173043424173
trailing_15,NVDA,2024-02-29,2024-04-19,35,-3.6763507500890524,-2.7587910163657394,-0.9175597337233131,-19.791152310550018
trailing_15,NVDA,2024-03-14,2024-04-19,25,-13.353956571447645,-3.153538698086057,-10.200417873361587,-19.791152310550018
trailing_15,AMD,2026-05-11,2026-06-10,21,-1.3927972556995738,0.06619515357528287,-1.4589924092748567,-16.611373293216246
trailing_15,JBL,2025-07-02,2025-10-10,70,-12.541618487834006,50.115350875416155,-62.656969363250155,-17.257408949127385
trailing_15,TSSI,2024-03-01,2024-06-03,64,236.73468245808579,11.421519488300651,225.31316296978514,-30.962347124068536
trailing_15,TSSI,2024-04-17,2024-06-03,32,139.13043215354435,17.177368634201482,121.95306351934288,-30.962347124068536
trailing_15,TSSI,2024-05-01,2024-06-03,22,103.703700160675,14.81992750077256,88.88377265990245,-30.962347124068536
trailing_15,TSSI,2024-05-15,2024-06-03,12,28.906251018634087,2.200878620305874,26.705372398328215,-30.962347124068536
trailing_15,TSSI,2024-05-30,2024-06-03,2,-30.962347124068536,-2.6158430802511203,-28.346504043817415,-30.962347124068536
trailing_15,TSSI,2024-08-30,2024-10-04,24,21.71189916775489,9.89738107195443,11.814518095800459,-18.46154061615496
trailing_15,TSSI,2025-06-03,2025-07-09,24,62.41743457709301,16.33719014175868,46.080244435334336,-20.93247636344301
trailing_15,TSSI,2025-06-17,2025-07-09,14,12.84992711985291,11.870055310045235,0.9798718098076766,-20.93247636344301
trailing_15,TSSI,2025-07-02,2025-07-09,4,-13.10953775438336,0.8457014298695628,-13.955239184252925,-15.08977579432248
trailing_15,TSSI,2026-03-25,2026-05-08,31,-9.895050072905331,41.49935214102479,-51.39440221393012,-29.66646957025616
trailing_15,MOD,2026-02-18,2026-03-06,12,-13.901533426589674,-7.125057100398586,-6.776476326191087,-21.471700928246197
trailing_15,AAON,2024-11-21,2024-12-31,26,-13.138639420832554,-0.5586174762152247,-12.580021944617329,-16.16286179273122
trailing_15,POWL,2024-02-14,2024-03-07,15,0.9026294065957563,8.025078706912062,-7.122449300316306,-16.718843986806974
trailing_15,POWL,2024-02-29,2024-03-07,5,-16.718843986806974,5.583988861646859,-22.302832848453836,-16.718843986806974
trailing_15,BE,2024-11-21,2024-12-19,19,-4.427741644295424,-0.2285590796419921,-4.199182564653432,-16.648457104390545
trailing_15,BE,2024-12-06,2024-12-30,15,-16.875922111150388,-9.219096159748526,-7.656825951401862,-16.875922111150388
trailing_15,BE,2025-08-07,2025-09-24,33,87.98913516146484,27.407068661825424,60.58206649963942,-19.80989567972142
trailing_15,BE,2025-08-21,2025-09-24,23,54.31630042284168,26.657653214614452,27.658647208227226,-19.80989567972142
trailing_15,BE,2025-09-05,2025-09-24,13,21.219556115487137,16.544401286468293,4.675154829018843,-19.80989567972142
trailing_15,BE,2025-09-19,2025-09-24,3,-18.544683790658322,-0.0057256268204155985,-18.538958163837908,-19.80989567972142
trailing_15,BE,2025-10-07,2025-10-22,11,9.65606021814076,-0.4327196605507528,10.088779878691513,-19.051294163349663
trailing_15,BE,2025-10-21,2025-11-13,17,-0.79516595468484,-3.5123006794122955,2.7171347247274555,-27.266975765136603
trailing_15,BE,2025-11-04,2025-11-13,7,-19.759782562556605,-8.141497686959493,-11.61828487559711,-26.773212382354316
trailing_15,ATKR,2026-05-05,2026-07-01,39,-4.762128639659036,13.418018269234791,-18.18014690889383,-15.197288999077308
trailing_15,GNRC,2025-08-13,2025-09-23,28,-17.78654214712857,24.24012716556202,-42.026669312690586,-17.78654214712857
trailing_15,CRWV,2025-10-03,2025-10-22,13,-9.837521453604914,-0.20345224984872037,-9.634069203756193,-15.061505993831004
trailing_15,NBIS,2025-09-23,2025-10-17,18,5.231910231895376,8.243671226888424,-3.0117609949930486,-16.255723594473093
trailing_15,NBIS,2025-10-07,2025-10-17,8,-3.619366709677352,3.331453138580702,-6.950819848258054,-16.255723594473093
trailing_15,NBIS,2026-05-28,2026-06-08,7,-3.6847205411456807,1.382431256409719,-5.0671517975553995,-17.583459244826393
trailing_15,IREN,2023-12-13,2023-12-29,11,23.48877620854337,10.127875639800815,13.360900568742556,-25.20920730614251
trailing_15,IREN,2023-12-28,2024-01-11,9,-29.274004814603593,-3.5063375516120807,-25.767667262991512,-29.274004814603593
trailing_15,IREN,2024-06-10,2024-06-26,11,19.010668849418355,4.404956751606734,14.60571209781162,-15.086500901568733
trailing_15,IREN,2024-06-25,2024-07-11,11,-13.779830588087428,3.989667063088289,-17.769497651175715,-25.482368541259614
trailing_15,IREN,2025-07-01,2025-07-29,19,3.6769562471994144,10.344698122117407,-6.667741874917993,-16.850973395650104
trailing_15,IREN,2025-07-16,2025-07-29,9,-8.781048821405058,5.805191230298558,-14.586240051703614,-16.850973395650104
trailing_15,IREN,2025-09-15,2025-10-21,26,48.61335649404459,13.323340234744046,35.29001625930054,-20.651233996477934
trailing_15,IREN,2025-09-29,2025-10-21,16,20.171999407986885,8.987419420189548,11.184579987797337,-20.651233996477934
trailing_15,IREN,2025-10-13,2025-10-21,6,-13.946055160499194,-0.2244081758377925,-13.721646984661401,-20.651233996477934
trailing_15,APLD,2024-07-01,2024-07-09,5,-15.84615707397461,2.6788165083552276,-18.52497358232984,-23.389357248208775
trailing_15,APLD,2024-09-20,2024-10-10,14,14.451825387301476,7.259646533071071,7.192178854230405,-16.484850103204895
trailing_15,APLD,2024-10-04,2024-10-30,18,-1.2080493698644834,5.368535513753886,-6.576584883618369,-19.386637007012798
trailing_15,APLD,2025-06-09,2025-06-18,7,-18.509990140970935,0.5834849614629761,-19.09347510243391,-18.509990140970935
trailing_15,WULF,2023-12-19,2023-12-29,7,21.212124861012803,3.0659626951081584,18.146162165904645,-20.529797664729475
trailing_15,WULF,2024-01-04,2024-01-12,6,-22.374429074611513,1.0601086092576577,-23.43453768386917,-22.374429074611513
trailing_15,WULF,2024-06-24,2024-07-18,17,26.77725522800558,3.655522586501493,23.12173264150409,-16.14420362590556
trailing_15,WULF,2024-07-09,2024-07-18,7,6.361822693371444,-0.4957220255057725,6.857544718877216,-16.14420362590556
trailing_15,WULF,2024-11-07,2024-11-13,4,-10.475032028239905,-0.8523956765527484,-9.622636351687158,-16.666664864560943
trailing_15,WULF,2025-08-28,2025-10-21,37,39.19492507847355,28.5903212636393,10.60460381483425,-15.061408425906631
trailing_15,CIFR,2024-01-04,2024-01-12,6,-22.195705347415696,1.0601086092576577,-23.25581395667335,-22.195705347415696
trailing_15,CIFR,2025-06-27,2025-07-29,21,33.33332213997342,10.162063151373271,23.171258988600147,-18.155622744857425
trailing_15,CIFR,2025-07-14,2025-07-29,11,-5.804317898702871,7.088166477329808,-12.892484376032678,-18.155622744857425
trailing_15,CIFR,2025-09-23,2025-09-25,2,-17.59717200173886,-2.914156099392248,-14.683015902346611,-17.59717200173886
trailing_15,CIFR,2025-10-07,2025-10-22,11,2.2857181609623023,-0.4327196605507528,2.718437821513055,-23.395149384936776
trailing_15,CIFR,2025-10-21,2025-11-07,13,14.467494665227875,5.842006896721416,8.62548776850646,-16.268711854955665
trailing_15,CORZ,2024-06-11,2024-06-24,8,0.22961543055985967,3.2162254430553707,-2.986610012495511,-15.488871183802488
trailing_15,CORZ,2024-06-26,2024-07-25,20,-5.427135399039862,-2.5084052100383833,-2.9187301890014785,-19.572649565682852
trailing_15,HUT,2024-06-28,2024-07-25,18,-1.3342215631682919,-3.004542042822088,1.670320479653796,-29.33588272239247
trailing_15,HUT,2024-07-15,2024-07-25,8,-26.050000190734867,-10.816132484110458,-15.23386770662441,-29.33588272239247
trailing_15,HUT,2024-11-08,2024-12-10,21,30.81440917475151,5.127489145117777,25.686920029633736,-15.277774361285768
trailing_15,HUT,2024-11-22,2024-12-10,11,-1.1574044605614064,1.5126237632548059,-2.670028223816212,-15.277774361285768
trailing_15,BTDR,2023-12-12,2023-12-29,12,65.71428525633884,12.6369381889704,53.07734706736844,-27.871253828475638
trailing_15,BTDR,2023-12-27,2023-12-29,2,-27.871253828475638,-2.9391201324278704,-24.93213369604777,-27.871253828475638
trailing_15,BTDR,2024-07-02,2024-07-11,6,-12.403097527699892,3.1411788288212956,-15.544276356521186,-18.11594191770236
trailing_15,BTDR,2024-11-20,2024-12-18,19,63.162313358763036,3.342660568816262,59.81965278994677,-16.162488633388794
trailing_15,BTDR,2024-12-05,2024-12-18,9,14.25206208206542,-6.116746780722194,20.368808862787613,-16.162488633388794
trailing_15,BTDR,2024-12-24,2025-01-07,8,-16.362477205523707,0.9682269755328772,-17.330704181056582,-24.501917104583438
trailing_15,BTDR,2025-10-20,2025-11-10,15,-30.973798086892746,7.18297654568608,-38.15677463257883,-30.973798086892746
trailing_15,BTDR,2026-06-09,2026-07-01,15,-11.315337646723977,1.0532733926571478,-12.368611039381125,-15.720524904018296
trailing_20,AVGO,2023-12-26,2024-05-06,90,16.25603951296748,22.244982606821317,-5.9889430938538375,-14.013367085721972
trailing_20,AVGO,2025-01-06,2025-03-03,37,-20.743629521861408,-19.78109713150041,-0.9625323903609984,-23.428689649841484
trailing_20,MRVL,2024-12-24,2025-01-27,20,-13.427388548252184,-8.06057351697641,-5.366815031275774,-20.41090992223571
trailing_20,MRVL,2026-04-16,2026-06-10,38,89.39042476980859,24.93476413542683,64.45566063438176,-20.175081160241515
trailing_20,MRVL,2026-04-30,2026-06-10,28,52.945802178640534,13.826146523674268,39.119655654966266,-20.175081160241515
trailing_20,MRVL,2026-06-09,2026-07-02,16,-8.08978233590496,-4.986085379091074,-3.103696956813886,-21.02195914817081
trailing_20,MRVL,2026-06-25,2026-07-07,7,-17.976254754285705,-11.747411111079133,-6.22884364320657,-22.555306710256495
trailing_20,ALAB,2024-11-21,2025-01-24,41,10.977718021190697,13.561864438166818,-2.5841464169761212,-20.753031351417416
trailing_20,ALAB,2025-08-05,2025-09-25,36,48.03010869720623,25.660467709831636,22.369640987374595,-20.343022272452128
trailing_20,ALAB,2025-08-19,2025-09-25,26,17.2921795003081,23.169868512004633,-5.87768901169653,-20.343022272452128
trailing_20,ALAB,2026-05-29,2026-07-07,25,11.678578921428606,-9.19695095164179,20.8755298730704,-20.729985640904857
trailing_20,ALAB,2026-06-12,2026-07-07,15,4.287081850365193,-8.626471676053661,12.913553526418852,-20.729985640904857
trailing_20,ALAB,2026-06-29,2026-07-07,5,-16.025523768753647,-9.663636529790347,-6.3618872389633,-20.729985640904857
trailing_20,CRDO,2024-06-13,2024-07-30,31,-10.297171370394375,-6.495744781355668,-3.8014265890387073,-23.26338256168127
trailing_20,CRDO,2024-12-24,2025-01-27,20,-21.93204504192203,-8.06057351697641,-13.871471524945623,-34.97076201857182
trailing_20,CRDO,2025-06-17,2025-10-07,77,72.1239474646644,69.48517466151472,2.6387728031496693,-20.376067034887203
trailing_20,CRDO,2025-07-02,2025-10-07,67,53.51906985757524,50.23831546327692,3.280754394298324,-20.376067034887203
trailing_20,CRDO,2025-09-19,2025-10-14,17,-23.47841361865841,9.303514375557556,-32.78192799421596,-23.47841361865841
trailing_20,LITE,2025-09-17,2026-01-27,90,126.92543894475764,34.08264873686591,92.84279020789174,-18.41125533579586
trailing_20,LITE,2025-11-19,2026-03-06,72,107.66026125142716,17.29181890551785,90.3684423459093,-28.70220205025136
trailing_20,LITE,2025-12-04,2026-03-06,62,70.3339917782658,8.015075374286287,62.31891640397952,-28.70220205025136
trailing_20,LITE,2026-02-20,2026-03-06,10,-16.372405752296192,-7.716700733874907,-8.655705018421287,-28.70220205025136
trailing_20,LITE,2026-04-02,2026-06-09,46,-0.6191944522728088,59.30516617878997,-59.924360631062775,-21.966780005779583
trailing_20,CIEN,2025-09-18,2026-01-28,90,86.3952479768894,33.98287640411283,52.412371572776564,-15.872427278839785
trailing_20,CIEN,2025-10-02,2026-02-11,90,94.71373828728542,29.416101825879814,65.2976364614056,-15.872427278839785
trailing_20,GLW,2025-09-19,2026-01-29,90,29.903682391333742,32.4784273034263,-2.574744912092558,-13.283657768623659
trailing_20,GLW,2026-02-12,2026-03-06,15,-6.068357200557095,-5.633570266758187,-0.43478693379890854,-23.00684634349829
trailing_20,GLW,2026-02-27,2026-03-06,5,-18.014368170314842,-7.565247751961644,-10.449120418353198,-21.899146740349483
trailing_20,MU,2024-04-05,2024-07-17,70,-3.2169407168427866,29.718378667648427,-32.935319384491216,-22.056351417383404
trailing_20,MU,2026-01-27,2026-03-26,41,-13.353156631621221,0.9804750432031084,-14.333631674824328,-23.015615731197535
trailing_20,MU,2026-05-26,2026-07-07,28,4.760047482117047,-6.982920604836215,11.742968086953262,-22.663543245417106
trailing_20,MU,2026-06-11,2026-07-07,16,-5.75834913026222,-6.965360989168031,1.2070118589058112,-22.663543245417106
trailing_20,MU,2026-06-26,2026-07-15,12,-20.127604136061194,-8.634750564912544,-11.49285357114865,-21.647153891960325
trailing_20,STX,2026-05-14,2026-07-02,33,1.986278928334717,-1.7833205783293185,3.7695995066640355,-24.980370679288388
trailing_20,WDC,2025-09-22,2025-11-21,44,23.82349124527763,-3.8848246695731494,27.70831591485078,-20.10676417242372
trailing_20,WDC,2025-10-06,2025-11-21,34,11.10313189999892,-7.433815699099493,18.536947599098415,-20.10676417242372
trailing_20,SNDK,2025-09-19,2025-11-20,44,91.72293167903635,-2.6262035837023046,94.34913526273866,-30.78064200316042
trailing_20,SNDK,2025-10-03,2025-11-20,34,52.60493818651775,-7.483586311880113,60.08852449839785,-30.78064200316042
trailing_20,SNDK,2025-10-17,2025-11-20,24,39.81164497275387,-10.367199041727082,50.17884401448095,-30.78064200316042
trailing_20,SNDK,2025-10-31,2025-11-20,14,-1.6906612583306946,-17.816415007631768,16.125753749301072,-30.78064200316042
trailing_20,SNDK,2025-11-14,2025-11-20,4,-22.898959753563595,-6.59477127077589,-16.30418848278771,-26.297576683046465
trailing_20,SNDK,2026-01-27,2026-02-10,10,12.506495832968323,3.0369767232529816,9.46951910971534,-22.123332943696827
trailing_20,SNDK,2026-02-10,2026-03-06,17,-2.641975698173249,-7.546227605117204,4.904251906943956,-20.879529352810668
trailing_20,SNDK,2026-02-25,2026-03-26,21,-4.6190616001638425,-5.630743583464014,1.011681983300171,-21.8782833697881
trailing_20,NTAP,2026-06-09,2026-08-25,53,13.938941053625765,-9.37059619812158,23.309537251747344,-9.76434278632059
trailing_20,PENG,2025-07-22,2025-10-08,55,-7.259719715712231,49.1798948109849,-56.43961452669713,-22.610922090469778
trailing_20,PENG,2026-04-27,2026-07-17,56,107.95181216508958,6.049967986366392,101.9018441787232,-25.777122127494035
trailing_20,PENG,2026-05-11,2026-07-17,46,38.74597743949184,-8.631760156465775,47.37773759595761,-25.777122127494035
trailing_20,PENG,2026-05-26,2026-07-17,36,9.936303928416157,-13.605033445333648,23.541337373749805,-25.777122127494035
trailing_20,PENG,2026-06-09,2026-07-17,26,-2.0748886493615393,-12.858658533371061,10.783769884009523,-25.777122127494035
trailing_20,SIMO,2026-05-13,2026-07-17,44,-2.0528433773657095,-8.69252513025066,6.63968175288495,-21.540514978451796
trailing_20,SIMO,2026-06-02,2026-07-17,31,-12.261425417755156,-20.852057005904374,8.590631588149217,-21.540514978451796
trailing_20,RMBS,2025-09-25,2025-11-18,38,-12.961497529873778,4.918855008179754,-17.880352538053533,-22.806094113997034
trailing_20,NLST,2025-04-02,2025-05-14,29,-22.680414651681524,17.81159435723823,-40.49200900891975,-23.469389244597505
trailing_20,NLST,2026-01-23,2026-02-19,18,-25.781249272404228,6.949948367385731,-32.731197639789954,-25.781249272404228
trailing_20,NLST,2026-05-08,2026-05-19,7,-17.218542523532786,-4.69876472559088,-12.519777797941906,-27.53623288560628
trailing_20,SMCI,2024-02-02,2024-02-20,11,35.87461326033572,4.070733965766003,31.803879294569715,-21.556770331443232
trailing_20,SMCI,2024-02-16,2024-03-19,21,13.400636473011062,5.1638802082577655,8.236756264753298,-23.323540927331663
trailing_20,SMCI,2024-03-04,2024-03-19,11,-15.206543806952466,-3.4078192377888996,-11.798724569163566,-23.323540927331663
trailing_20,DELL,2024-03-14,2024-05-31,54,31.61366049012173,18.409629742919208,13.204030747202525,-22.124893099338173
trailing_20,DELL,2026-06-11,2026-08-25,51,15.530991131959526,-9.920936667750585,25.451927799710113,-19.07793305116129
trailing_20,HPE,2024-06-20,2024-08-07,33,-22.160155160088834,-15.511655801739971,-6.648499358348864,-22.160155160088834
trailing_20,HPE,2026-06-12,2026-08-25,50,11.26500410344542,-11.52598911103643,22.79099321448185,-15.719539890724354
trailing_20,CLS,2024-02-13,2024-06-24,90,42.34666951497397,38.301606143305996,4.045063371667973,-17.600648814943433
trailing_20,CLS,2024-11-07,2025-01-27,52,2.3789976980383543,-3.009714185846394,5.388711883884748,-29.131173043424173
trailing_20,NVDA,2024-02-29,2024-07-10,90,70.55238585829291,38.29850017017334,32.25388568811957,-19.791152310550018
trailing_20,NVDA,2024-03-14,2024-07-24,90,29.92287185876108,33.186185818433515,-3.2633139596724368,-19.791152310550018
trailing_20,AMD,2026-05-11,2026-07-28,53,-0.9089154842233382,-12.335966925032615,11.427051440809278,-21.74002579844203
trailing_20,JBL,2025-07-02,2025-11-07,90,-3.651056162428823,69.91710976491795,-73.56816592734677,-17.257408949127385
trailing_20,TSSI,2024-03-01,2024-06-03,64,236.73468245808579,11.421519488300651,225.31316296978514,-30.962347124068536
trailing_20,TSSI,2024-04-17,2024-06-03,32,139.13043215354435,17.177368634201482,121.95306351934288,-30.962347124068536
trailing_20,TSSI,2024-05-01,2024-06-03,22,103.703700160675,14.81992750077256,88.88377265990245,-30.962347124068536
trailing_20,TSSI,2024-05-15,2024-06-03,12,28.906251018634087,2.200878620305874,26.705372398328215,-30.962347124068536
trailing_20,TSSI,2024-05-30,2024-06-03,2,-30.962347124068536,-2.6158430802511203,-28.346504043817415,-30.962347124068536
trailing_20,TSSI,2024-08-30,2024-10-07,25,18.99790928307383,9.78815490761563,9.209754375458203,-20.27972401065794
trailing_20,TSSI,2025-06-03,2025-07-09,24,62.41743457709301,16.33719014175868,46.080244435334336,-20.93247636344301
trailing_20,TSSI,2025-06-17,2025-07-09,14,12.84992711985291,11.870055310045235,0.9798718098076766,-20.93247636344301
trailing_20,TSSI,2025-07-02,2025-07-10,5,-19.010598253731292,0.7073969263441641,-19.717995180075455,-20.856350825705473
trailing_20,TSSI,2026-03-25,2026-05-08,31,-9.895050072905331,41.49935214102479,-51.39440221393012,-29.66646957025616
trailing_20,MOD,2026-02-18,2026-03-06,12,-13.901533426589674,-7.125057100398586,-6.776476326191087,-21.471700928246197
trailing_20,AAON,2024-11-21,2025-01-28,43,-17.500896135157817,-3.782267343100602,-13.718628792057213,-20.3732393025464
trailing_20,POWL,2024-02-14,2024-03-19,23,-4.61769846815665,3.510655962432088,-8.128354430588738,-21.275110653839747
trailing_20,POWL,2024-02-29,2024-03-19,13,-21.275110653839747,1.1966219398188658,-22.47173259365861,-21.275110653839747
trailing_20,BE,2024-11-21,2025-01-27,42,-6.3492081196960815,-5.125144500383063,-1.2240636193130192,-24.790337209134925
trailing_20,BE,2024-12-06,2025-01-27,32,-17.208271272307897,-13.428834723374655,-3.7794365489332407,-24.790337209134925
trailing_20,BE,2025-08-07,2025-09-25,34,86.65761919970345,24.263052750168747,62.39456644953471,-20.37787746114753
trailing_20,BE,2025-08-21,2025-09-25,24,53.22328716440792,23.736113510964998,29.487173653442923,-20.37787746114753
trailing_20,BE,2025-09-05,2025-09-25,14,20.360965145818753,13.96639799733056,6.3945671484881945,-20.37787746114753
trailing_20,BE,2025-09-19,2025-09-25,4,-19.121626993306208,-1.9420487997677631,-17.179578193538443,-20.37787746114753
trailing_20,BE,2025-10-07,2025-11-13,27,20.32303740336041,-0.20428660744789798,20.52732401080831,-27.266975765136603
trailing_20,BE,2025-10-21,2025-11-13,17,-0.79516595468484,-3.5123006794122955,2.7171347247274555,-27.266975765136603
trailing_20,BE,2025-11-04,2025-11-13,7,-19.759782562556605,-8.141497686959493,-11.61828487559711,-26.773212382354316
trailing_20,ATKR,2026-05-05,2026-08-25,77,23.535543939671854,1.3511082406273558,22.1844356990445,-19.306872514272634
trailing_20,GNRC,2025-08-13,2025-11-04,58,-22.805032474102184,46.28876827278854,-69.09380074689072,-22.805032474102184
trailing_20,CRWV,2025-10-03,2025-11-05,23,-15.112394192309209,12.857214605599706,-27.96960879790892,-20.03075432997995
trailing_20,NBIS,2025-09-23,2025-10-21,20,-3.265309993331711,8.172743008769492,-11.438053002101203,-23.017869769069176
trailing_20,NBIS,2025-10-07,2025-10-21,10,-11.401867898812835,3.2970003938807517,-14.698868292693584,-23.017869769069176
trailing_20,NBIS,2026-05-28,2026-07-01,23,1.2547478942479762,-0.045555892222776694,1.3003037864707527,-20.059998352184916
trailing_20,IREN,2023-12-13,2023-12-29,11,23.48877620854337,10.127875639800815,13.360900568742556,-25.20920730614251
trailing_20,IREN,2023-12-28,2024-01-12,10,-39.695548965201944,-4.569171587201467,-35.12637737800048,-39.695548965201944
trailing_20,IREN,2024-06-10,2024-06-28,13,9.50532979971268,4.864329822147567,4.640999977565114,-21.868511343411654
trailing_20,IREN,2024-06-25,2024-07-11,11,-13.779830588087428,3.989667063088289,-17.769497651175715,-25.482368541259614
trailing_20,IREN,2025-07-01,2025-10-21,78,262.4097265515712,61.40307118761032,201.0066553639609,-20.651233996477934
trailing_20,IREN,2025-07-16,2025-10-21,68,218.86193759520904,53.126329078731274,165.73560851647778,-20.651233996477934
trailing_20,IREN,2025-09-15,2025-10-21,26,48.61335649404459,13.323340234744046,35.29001625930054,-20.651233996477934
trailing_20,IREN,2025-09-29,2025-10-21,16,20.171999407986885,8.987419420189548,11.184579987797337,-20.651233996477934
trailing_20,IREN,2025-10-13,2025-10-21,6,-13.946055160499194,-0.2244081758377925,-13.721646984661401,-20.651233996477934
trailing_20,APLD,2024-07-01,2024-07-09,5,-15.84615707397461,2.6788165083552276,-18.52497358232984,-23.389357248208775
trailing_20,APLD,2024-09-20,2024-10-31,29,12.292362961792435,7.769392603622498,4.522970358169938,-25.958377391589018
trailing_20,APLD,2024-10-04,2024-10-31,19,-9.261739571123051,1.838403535037621,-11.100143106160672,-25.958377391589018
trailing_20,APLD,2025-06-09,2025-06-23,9,-24.193551931300295,1.3835528088247755,-25.577104740125066,-24.193551931300295
trailing_20,WULF,2023-12-19,2023-12-29,7,21.212124861012803,3.0659626951081584,18.146162165904645,-20.529797664729475
trailing_20,WULF,2024-01-04,2024-01-16,7,-31.05023054749396,0.2490541402626603,-31.299284687756625,-31.05023054749396
trailing_20,WULF,2024-06-24,2024-07-24,21,20.61612335664902,0.5363889008290215,20.07973445582,-20.21943477607713
trailing_20,WULF,2024-07-09,2024-07-24,11,1.1928417550071346,-3.4616819425333505,4.654523697540485,-20.21943477607713
trailing_20,WULF,2024-11-07,2024-11-14,5,-15.347140353561105,-2.7288537468808243,-12.618286606680282,-21.201813495032674
trailing_20,WULF,2025-08-28,2025-11-11,52,31.038140205688556,36.156305079542584,-5.118164873854026,-23.167704394614073
trailing_20,CIFR,2024-01-04,2024-01-16,7,-30.78758816792907,0.2490541402626603,-31.03664230819173,-30.78758816792907
trailing_20,CIFR,2025-06-27,2025-07-30,22,27.934260949456615,11.32972120868052,16.60453974077609,-21.469744029830494
trailing_20,CIFR,2025-07-14,2025-07-30,12,-9.618580105516228,8.260856305967183,-17.87943641148341,-21.469744029830494
trailing_20,CIFR,2025-09-23,2025-10-22,21,13.851597488769896,4.102212258755259,9.749385230014637,-23.395149384936776
trailing_20,CIFR,2025-10-07,2025-10-22,11,2.2857181609623023,-0.4327196605507528,2.718437821513055,-23.395149384936776
trailing_20,CIFR,2025-10-21,2025-11-10,14,8.713686246808683,8.108824650608518,0.6048615962001652,-20.47753805511875
trailing_20,CORZ,2024-06-11,2024-07-30,33,5.855341293320326,-1.4184848587762275,7.273826152096555,-21.19657762962044
trailing_20,CORZ,2024-06-26,2024-07-30,23,-7.336678957084752,-4.8012281299042625,-2.5354508271804903,-21.19657762962044
trailing_20,HUT,2024-06-28,2024-07-25,18,-1.3342215631682919,-3.004542042822088,1.670320479653796,-29.33588272239247
trailing_20,HUT,2024-07-15,2024-07-25,8,-26.050000190734867,-10.816132484110458,-15.23386770662441,-29.33588272239247
trailing_20,HUT,2024-11-08,2024-12-19,28,21.521574417277446,0.7749409417554716,20.74663347552197,-21.296298223548206
trailing_20,HUT,2024-11-22,2024-12-19,18,-8.179015559387748,-2.3312317994290463,-5.847783759958702,-21.296298223548206
trailing_20,BTDR,2023-12-12,2023-12-29,12,65.71428525633884,12.6369381889704,53.07734706736844,-27.871253828475638
trailing_20,BTDR,2023-12-27,2023-12-29,2,-27.871253828475638,-2.9391201324278704,-24.93213369604777,-27.871253828475638
trailing_20,BTDR,2024-07-02,2024-07-18,11,-18.776911420903307,0.9795676655185078,-19.756479086421816,-24.074072083342223
trailing_20,BTDR,2024-11-20,2024-12-19,20,52.56517128559706,1.9834120642496733,50.581759221347376,-21.60760644720122
trailing_20,BTDR,2024-12-05,2024-12-19,10,6.831565834420128,-7.3487426135509475,14.180308447971074,-21.60760644720122
trailing_20,BTDR,2024-12-24,2025-01-07,8,-16.362477205523707,0.9682269755328772,-17.330704181056582,-24.501917104583438
trailing_20,BTDR,2025-10-20,2025-11-10,15,-30.973798086892746,7.18297654568608,-38.15677463257883,-30.973798086892746
trailing_20,BTDR,2026-06-09,2026-07-02,16,-20.448015491921755,-4.986085379091074,-15.461930112830682,-24.39955997716179
ma20_break,AVGO,2023-12-26,2024-01-03,5,-6.476784844802208,-4.987328761499766,-1.4894560833024422,-6.476784844802208
ma20_break,AVGO,2025-01-06,2025-01-10,3,-5.1182346649420225,-4.9787362890392854,-0.13949837590273712,-5.1182346649420225
ma20_break,MRVL,2024-12-24,2024-12-31,4,-4.743424302921307,-4.3624359598067075,-0.3809883431145987,-4.743424302921307
ma20_break,MRVL,2026-04-16,2026-06-26,49,100.02249844936935,34.241087453290255,65.78141099607909,-20.175081160241515
ma20_break,MRVL,2026-04-30,2026-06-26,39,61.53193339260916,21.886118411569385,39.64581498103978,-20.175081160241515
ma20_break,MRVL,2026-06-09,2026-06-26,12,-0.041221704256688696,1.5830330990422157,-1.6242548032989044,-14.105866829818448
ma20_break,MRVL,2026-06-25,2026-06-26,1,-5.151825119342135,-4.517112921675654,-0.6347121976664809,-5.151825119342135
ma20_break,ALAB,2024-11-21,2025-01-08,31,25.595467559429874,2.8661232597480457,22.729344299681827,-10.314788792235586
ma20_break,ALAB,2025-08-05,2025-09-02,19,28.5524672598539,6.26649149927386,22.285975760580037,-11.660814863781576
ma20_break,ALAB,2025-08-19,2025-09-02,9,1.8590015082170508,4.335958888989209,-2.4769573807721588,-7.882626954500493
ma20_break,ALAB,2026-05-29,2026-07-07,25,11.678578921428606,-9.19695095164179,20.8755298730704,-20.729985640904857
ma20_break,ALAB,2026-06-12,2026-07-07,15,4.287081850365193,-8.626471676053661,12.913553526418852,-20.729985640904857
ma20_break,ALAB,2026-06-29,2026-07-07,5,-16.025523768753647,-9.663636529790347,-6.3618872389633,-20.729985640904857
ma20_break,CRDO,2024-06-13,2024-07-17,22,5.217692470685398,4.147443638131473,1.0702488325539243,-9.991134747774444
ma20_break,CRDO,2024-12-24,2024-12-31,4,-5.630443790367123,-4.3624359598067075,-1.2680078305604157,-6.678697282412083
ma20_break,CRDO,2025-06-17,2025-07-18,21,17.26257971932519,15.295919448812564,1.966660270512624,-8.889750894570525
ma20_break,CRDO,2025-07-02,2025-07-18,11,4.587667391873174,3.854016517119491,0.733650874753683,-8.889750894570525
ma20_break,CRDO,2025-09-19,2025-09-24,3,-11.901387689515497,-0.0057256268204155985,-11.89566206269508,-11.901387689515497
ma20_break,LITE,2025-09-17,2025-09-24,5,-6.483406743798259,2.605142889215459,-9.088549633013718,-10.932944606413997
ma20_break,LITE,2025-11-19,2026-01-05,30,32.77181688410005,9.97860210836727,22.79321477573278,-15.033997955324708
ma20_break,LITE,2025-12-04,2026-01-05,20,8.90650637359862,0.8747218735853417,8.031784500013279,-15.033997955324708
ma20_break,LITE,2026-02-20,2026-03-06,10,-16.372405752296192,-7.716700733874907,-8.655705018421287,-28.70220205025136
ma20_break,LITE,2026-04-02,2026-04-28,17,-4.294457425011455,24.068206757546843,-28.362664182558294,-11.805415593098411
ma20_break,CIEN,2025-09-18,2025-11-18,43,35.46798688433839,2.9608440428729685,32.507142841465416,-10.748379063211456
ma20_break,CIEN,2025-10-02,2025-11-18,33,22.49442913279185,-3.0881968302943203,25.58262596308617,-10.748379063211456
ma20_break,GLW,2025-09-19,2025-11-04,32,7.101560237125137,14.937339420296722,-7.835779183171584,-5.626321328334294
ma20_break,GLW,2026-02-12,2026-03-05,14,2.6551194898079666,-1.1007803027357603,3.7558997925437265,-15.856455258842706
ma20_break,GLW,2026-02-27,2026-03-05,4,-10.400323244706955,-3.1586308703072676,-7.241692374399687,-14.64588306260377
ma20_break,MU,2024-04-05,2024-04-17,8,-5.866646504061723,-7.378288429388497,1.5116419253267732,-8.767939590782802
ma20_break,MU,2026-01-27,2026-02-04,6,-7.517547593667984,-3.6699309992322875,-3.847616594435696,-13.339421288122056
ma20_break,MU,2026-05-26,2026-07-01,25,15.22526034453493,0.181465997024922,15.043794347510008,-19.967204890665812
ma20_break,MU,2026-06-11,2026-07-01,13,3.656107626506966,0.12685616044278866,3.5292514660641774,-14.937864406830814
ma20_break,MU,2026-06-26,2026-07-01,3,-8.835757277844557,-0.5150701316964201,-8.320687146148138,-10.570131228654322
ma20_break,STX,2026-05-14,2026-06-10,18,1.3954454202490973,-1.5822654359074924,2.9777108561565897,-13.256232402441249
ma20_break,WDC,2025-09-22,2025-10-14,16,0.6405032285509149,6.196999928003201,-5.556496699452286,-13.845103706647777
ma20_break,WDC,2025-10-06,2025-10-14,6,-9.69827298331487,1.78781181962168,-11.48608480293655,-9.69827298331487
ma20_break,SNDK,2025-09-19,2025-11-20,44,91.72293167903635,-2.6262035837023046,94.34913526273866,-30.78064200316042
ma20_break,SNDK,2025-10-03,2025-11-20,34,52.60493818651775,-7.483586311880113,60.08852449839785,-30.78064200316042
ma20_break,SNDK,2025-10-17,2025-11-20,24,39.81164497275387,-10.367199041727082,50.17884401448095,-30.78064200316042
ma20_break,SNDK,2025-10-31,2025-11-20,14,-1.6906612583306946,-17.816415007631768,16.125753749301072,-30.78064200316042
ma20_break,SNDK,2025-11-14,2025-11-20,4,-22.898959753563595,-6.59477127077589,-16.30418848278771,-26.297576683046465
ma20_break,SNDK,2026-01-27,2026-03-02,23,28.591908794258035,5.419091662798641,23.172817131459393,-22.123332943696827
ma20_break,SNDK,2026-02-10,2026-03-02,13,14.297319316718182,1.5834460275367543,12.713873289181427,-7.113381121876905
ma20_break,SNDK,2026-02-25,2026-03-02,3,-2.1031638714499534,-2.111223260254843,0.008059388804889517,-5.03451543106136
ma20_break,NTAP,2026-06-09,2026-06-17,6,-6.17576025000981,5.046783853483962,-11.222544103493773,-6.17576025000981
ma20_break,PENG,2025-07-22,2025-07-31,7,-3.5991862603501956,7.209257998771242,-10.808444259121437,-6.319555493762985
ma20_break,PENG,2026-04-27,2026-06-17,36,105.43890489690271,28.52922558011592,76.90967931678678,-18.050696741786087
ma20_break,PENG,2026-05-11,2026-06-17,26,37.069359325375096,10.28760653029358,26.781752795081516,-18.050696741786087
ma20_break,PENG,2026-05-26,2026-06-17,16,8.6078243431553,4.21759434982363,4.390229993331672,-18.050696741786087
ma20_break,PENG,2026-06-09,2026-06-17,6,-3.2582239686790415,5.046783853483962,-8.305007822163004,-7.228355966926403
ma20_break,SIMO,2026-05-13,2026-06-05,16,-4.139023207927684,4.488396452368131,-8.627419660295816,-15.614700455506568
ma20_break,SIMO,2026-06-02,2026-06-05,3,-14.130172311153377,-9.883853925893916,-4.24631838525946,-15.614700455506568
ma20_break,RMBS,2025-09-25,2025-10-07,8,-3.8904383835163925,7.741479640699047,-11.63191802421544,-7.06334052390366
ma20_break,NLST,2025-04-02,2025-04-03,1,-5.15464025218294,-11.230173751171334,6.075533498988393,-5.15464025218294
ma20_break,NLST,2026-01-23,2026-02-03,7,-15.624994761310395,3.2037364632992413,-18.828731224609637,-15.624994761310395
ma20_break,NLST,2026-05-08,2026-05-19,7,-17.218542523532786,-4.69876472559088,-12.519777797941906,-27.53623288560628
ma20_break,SMCI,2024-02-02,2024-03-19,31,57.16404974828975,11.023897710717868,46.14015203757188,-26.87549930169004
ma20_break,SMCI,2024-02-16,2024-03-19,21,13.400636473011062,5.1638802082577655,8.236756264753298,-23.323540927331663
ma20_break,SMCI,2024-03-04,2024-03-19,11,-15.206543806952466,-3.4078192377888996,-11.798724569163566,-23.323540927331663
ma20_break,DELL,2024-03-14,2024-03-27,9,4.913099272776744,8.26461486594446,-3.351515593167714,-2.590493601841626
ma20_break,DELL,2026-06-11,2026-06-26,10,2.053893553371955,0.7053760579164892,1.3485174954554657,-7.964337276835964
ma20_break,HPE,2024-06-20,2024-07-03,9,-3.7709308420602827,1.600009722749561,-5.370940564809843,-4.702033169191089
ma20_break,HPE,2026-06-12,2026-06-25,8,-2.7263985568961147,3.72756850728264,-6.453967064178754,-4.49713211485514
ma20_break,CLS,2024-02-13,2024-03-19,24,14.720001220703116,7.293463890075223,7.426537330627893,-9.183024218295067
ma20_break,CLS,2024-11-07,2024-12-31,36,8.168289079031155,2.036917088144677,6.131371990886477,-9.055116533491569
ma20_break,NVDA,2024-02-29,2024-04-02,22,13.075372349125502,6.88503747743711,6.190334871688393,-7.440466765105236
ma20_break,NVDA,2024-03-14,2024-04-02,12,1.714726337271899,6.487042366527708,-4.772316029255809,-5.841967275889559
ma20_break,AMD,2026-05-11,2026-06-05,18,1.6543508351375635,4.547269597409296,-2.8929187622717323,-14.034507835162335
ma20_break,JBL,2025-07-02,2025-07-24,15,-1.568346264165854,6.392626380690826,-7.96097264485668,-4.686878532735039
ma20_break,TSSI,2024-03-01,2024-03-21,14,-8.163269526359606,3.2198526259470373,-11.383122152306644,-10.204083866896262
ma20_break,TSSI,2024-04-17,2024-07-30,71,307.24636992594947,24.60179165472946,282.64457827122,-30.962347124068536
ma20_break,TSSI,2024-05-01,2024-07-30,61,246.91357216154034,21.346473634613425,225.5670985269269,-30.962347124068536
ma20_break,TSSI,2024-05-15,2024-07-30,51,119.53125043655746,7.390281778003935,112.14096865855352,-30.962347124068536
ma20_break,TSSI,2024-05-30,2024-07-30,41,17.573214202524312,1.32675329863752,16.246460903886792,-30.962347124068536
ma20_break,TSSI,2024-08-30,2024-10-04,24,21.71189916775489,9.89738107195443,11.814518095800459,-18.46154061615496
ma20_break,TSSI,2025-06-03,2025-07-09,24,62.41743457709301,16.33719014175868,46.080244435334336,-20.93247636344301
ma20_break,TSSI,2025-06-17,2025-07-09,14,12.84992711985291,11.870055310045235,0.9798718098076766,-20.93247636344301
ma20_break,TSSI,2025-07-02,2025-07-09,4,-13.10953775438336,0.8457014298695628,-13.955239184252925,-15.08977579432248
ma20_break,TSSI,2026-03-25,2026-04-10,11,-6.896552217171226,8.954623614138978,-15.851175831310204,-12.293855506475404
ma20_break,MOD,2026-02-18,2026-03-03,9,-2.3950680293820636,-3.54341871048883,1.1483506811067663,-10.976936132403036
ma20_break,AAON,2024-11-21,2024-12-09,11,-4.738894215694122,6.849509415672881,-11.588403631367004,-8.055567652119644
ma20_break,POWL,2024-02-14,2024-03-07,15,0.9026294065957563,8.025078706912062,-7.122449300316306,-16.718843986806974
ma20_break,POWL,2024-02-29,2024-03-07,5,-16.718843986806974,5.583988861646859,-22.302832848453836,-16.718843986806974
ma20_break,BE,2024-11-21,2024-12-10,12,-1.9632464921397585,3.8355752250829136,-5.798821717222672,-14.499094131022405
ma20_break,BE,2024-12-06,2024-12-10,2,-13.330873783316887,-5.661526332364321,-7.669347450952565,-13.330873783316887
ma20_break,BE,2025-08-07,2025-11-13,69,181.38588369174386,38.19775331890429,143.18813037283957,-27.266975765136603
ma20_break,BE,2025-08-21,2025-11-13,59,130.98371363444053,36.36187204686526,94.62184158757529,-27.266975765136603
ma20_break,BE,2025-09-05,2025-11-13,49,81.44384721478973,22.989333565599626,58.4545136491901,-27.266975765136603
ma20_break,BE,2025-09-19,2025-11-13,39,21.923940515336724,5.246453719217812,16.677486796118917,-27.266975765136603
ma20_break,BE,2025-10-07,2025-11-13,27,20.32303740336041,-0.20428660744789798,20.52732401080831,-27.266975765136603
ma20_break,BE,2025-10-21,2025-11-13,17,-0.79516595468484,-3.5123006794122955,2.7171347247274555,-27.266975765136603
ma20_break,BE,2025-11-04,2025-11-13,7,-19.759782562556605,-8.141497686959493,-11.61828487559711,-26.773212382354316
ma20_break,ATKR,2026-05-05,2026-05-15,8,-2.775234663916004,4.182868396695069,-6.958103060611073,-3.1679502819953687
ma20_break,GNRC,2025-08-13,2025-08-26,9,-6.6699523648978465,1.3420343420245764,-8.011986706922423,-6.6699523648978465
ma20_break,CRWV,2025-10-03,2025-10-20,11,-5.734843914659004,4.706784004726722,-10.441627919385727,-11.196536250661337
ma20_break,NBIS,2025-09-23,2025-10-17,18,5.231910231895376,8.243671226888424,-3.0117609949930486,-16.255723594473093
ma20_break,NBIS,2025-10-07,2025-10-17,8,-3.619366709677352,3.331453138580702,-6.950819848258054,-16.255723594473093
ma20_break,NBIS,2026-05-28,2026-06-08,7,-3.6847205411456807,1.382431256409719,-5.0671517975553995,-17.583459244826393
ma20_break,IREN,2023-12-13,2024-01-03,13,12.953367960989937,6.007336317024454,6.946031643965482,-31.58996156074182
ma20_break,IREN,2023-12-28,2024-01-03,3,-23.41920385168287,-6.170928240026162,-17.24827561165671,-23.41920385168287
ma20_break,IREN,2024-06-10,2024-06-28,13,9.50532979971268,4.864329822147567,4.640999977565114,-21.868511343411654
ma20_break,IREN,2024-06-25,2024-06-28,3,-13.086988754571804,-0.7354707515327318,-12.351518003039072,-13.086988754571804
ma20_break,IREN,2025-07-01,2025-07-28,18,8.864086815799709,10.99318920058506,-2.1291023847853503,-12.690889291517903
ma20_break,IREN,2025-07-16,2025-07-28,8,-4.217212967987727,6.433325164977948,-10.650538132965675,-12.690889291517903
ma20_break,IREN,2025-09-15,2025-10-21,26,48.61335649404459,13.323340234744046,35.29001625930054,-20.651233996477934
ma20_break,IREN,2025-09-29,2025-10-21,16,20.171999407986885,8.987419420189548,11.184579987797337,-20.651233996477934
ma20_break,IREN,2025-10-13,2025-10-21,6,-13.946055160499194,-0.2244081758377925,-13.721646984661401,-20.651233996477934
ma20_break,APLD,2024-07-01,2024-07-09,5,-15.84615707397461,2.6788165083552276,-18.52497358232984,-23.389357248208775
ma20_break,APLD,2024-09-20,2024-10-10,14,14.451825387301476,7.259646533071071,7.192178854230405,-16.484850103204895
ma20_break,APLD,2024-10-04,2024-10-10,4,-7.516777947874598,1.6421623162641512,-9.15894026413875,-12.229299997576327
ma20_break,APLD,2025-06-09,2025-06-20,8,-20.66052564885742,1.1274637956180822,-21.787989444475503,-20.66052564885742
ma20_break,WULF,2023-12-19,2024-01-05,11,-2.525256113329255,-0.4411877761319584,-2.0840683371972966,-36.0927165649914
ma20_break,WULF,2024-01-04,2024-01-05,1,-11.87215081640398,0.08414731333269944,-11.95629812973668,-11.87215081640398
ma20_break,WULF,2024-06-24,2024-07-24,21,20.61612335664902,0.5363889008290215,20.07973445582,-20.21943477607713
ma20_break,WULF,2024-07-09,2024-07-24,11,1.1928417550071346,-3.4616819425333505,4.654523697540485,-20.21943477607713
ma20_break,WULF,2024-11-07,2024-11-18,7,-14.250914383162637,-1.9525239226985465,-12.298390460464093,-21.201813495032674
ma20_break,WULF,2025-08-28,2025-10-22,38,33.68644540815393,23.431340489835367,10.255104918318564,-18.42275586474248
ma20_break,CIFR,2024-01-04,2024-01-11,5,-16.229118316726165,2.399072036339071,-18.628190353065236,-16.229118316726165
ma20_break,CIFR,2025-06-27,2025-07-29,21,33.33332213997342,10.162063151373271,23.171258988600147,-18.155622744857425
ma20_break,CIFR,2025-07-14,2025-07-29,11,-5.804317898702871,7.088166477329808,-12.892484376032678,-18.155622744857425
ma20_break,CIFR,2025-09-23,2025-10-22,21,13.851597488769896,4.102212258755259,9.749385230014637,-23.395149384936776
ma20_break,CIFR,2025-10-07,2025-10-22,11,2.2857181609623023,-0.4327196605507528,2.718437821513055,-23.395149384936776
ma20_break,CIFR,2025-10-21,2025-10-22,1,-10.871369679922116,-3.5073772065666073,-7.363992473355509,-10.871369679922116
ma20_break,CORZ,2024-06-11,2024-07-24,29,16.073474309973925,3.9305711335341096,12.142903176439814,-15.488871183802488
ma20_break,CORZ,2024-06-26,2024-07-24,19,1.6080386982834094,-0.025961802969466905,1.6340005012528764,-13.58974511545532
ma20_break,HUT,2024-06-28,2024-07-25,18,-1.3342215631682919,-3.004542042822088,1.670320479653796,-29.33588272239247
ma20_break,HUT,2024-07-15,2024-07-25,8,-26.050000190734867,-10.816132484110458,-15.23386770662441,-29.33588272239247
ma20_break,HUT,2024-11-08,2024-12-10,21,30.81440917475151,5.127489145117777,25.686920029633736,-15.277774361285768
ma20_break,HUT,2024-11-22,2024-12-10,11,-1.1574044605614064,1.5126237632548059,-2.670028223816212,-15.277774361285768
ma20_break,BTDR,2023-12-12,2024-01-03,14,34.78992798075726,8.329732865369674,26.460195115387585,-41.33137956837552
ma20_break,BTDR,2023-12-27,2024-01-03,4,-41.33137956837552,-6.26531841638633,-35.06606115198919,-41.33137956837552
ma20_break,BTDR,2024-07-02,2024-07-11,6,-12.403097527699892,3.1411788288212956,-15.544276356521186,-18.11594191770236
ma20_break,BTDR,2024-11-20,2025-01-07,31,65.72749667557486,7.059598884873816,58.667897790701026,-24.501917104583438
ma20_break,BTDR,2024-12-05,2025-01-07,21,16.04829478759122,-3.043389725941644,19.091684513532865,-24.501917104583438
ma20_break,BTDR,2024-12-24,2025-01-07,8,-16.362477205523707,0.9682269755328772,-17.330704181056582,-24.501917104583438
ma20_break,BTDR,2025-10-20,2025-10-31,9,-13.179503215117006,7.87058452149299,-21.050087736609996,-16.229955682675666
ma20_break,BTDR,2026-06-09,2026-06-10,1,-7.524408256310844,-4.689658147008124,-2.8347501093027203,-7.524408256310844
